panel,cohort,rest_s,config,n,median,lo,hi
rest,test_rest30,30.0,twin,34,0.3893415818001898,0.3165704117216545,0.5516024448945962
rest,test_rest30,30.0,checked,34,0.3893415818001898,0.3165704117216545,0.5516024448945962
rest,test_rest30,30.0,population,34,0.4207108779352156,0.3561168127279472,0.5624703481097625
rest,test,60.0,twin,34,0.39207304084356387,0.33574538665833564,0.5693560100732487
rest,test,60.0,checked,34,0.39207304084356387,0.3336060011538887,0.541594832914139
rest,test,60.0,population,34,0.4207108779352175,0.3561168127279472,0.5624703481097625
rest,test_rest120,120.0,twin,34,0.4359296871873037,0.3691311058785736,0.6136330241485136
rest,test_rest120,120.0,checked,34,0.41399187182176567,0.3469198111115845,0.5624703481097625
rest,test_rest120,120.0,population,34,0.4207108779352175,0.3561168127279469,0.5624703481097625
drift,dev,,none,40,1.1418381686620345,0.9884696405867798,1.2644311399147794
drift,dev,,stale,40,0.4945941598695237,0.4262650938106448,0.5802969307431058
drift,dev,,stale_recalibrated,40,0.4946403683141208,0.4262650938106448,0.580296930743077
drift,dev,,updated,40,0.4768686517381803,0.4220437050688559,0.5622984315188817
drift,dev,,population,40,0.42456242879434786,0.3888513749788962,0.5388195099796005
drift,test,,none,34,1.3841520402690914,1.1639615724977002,1.9665559062858244
drift,test,,stale,34,0.5620496911145199,0.4526765867737593,0.8189490993304064
drift,test,,stale_recalibrated,34,0.5620496911145206,0.4526765867737593,0.8189490993304064
drift,test,,updated,34,0.5649810505193696,0.44852952734181,0.8061807255368361
drift,test,,population,34,0.5314089990643125,0.42048099807621264,0.8251207635334012
