family,config,J_median,J_mean,B_median,B_mean,U_median,U_mean,V_median,V_mean
continuous,checked,0.3452804772949401,0.479316332243057,0.20731943616676435,0.31198612032840795,0.2693244388116127,0.33466042382929806,0.0,0.0
continuous,population,0.36286890455093856,0.583404393197966,0.12455884763578685,0.3450943362828143,0.4766201138303032,0.4766201138303032,0.0,0.0
continuous,twin,0.35001467100017336,0.5130652302903927,0.24547433393423346,0.382249747900164,0.179717943936125,0.2616309647804574,0.0,0.0
dual,checked,0.3497400012621454,0.46300452978541196,0.2083144001925386,0.2972958330922844,0.2386878504138905,0.33140579559926847,0.0,0.0001159778698655277
dual,direct_10,0.3355028223012381,0.5750342539294236,0.20141907468191383,0.43357000212684765,0.1697326628653037,0.2829082954702349,0.0,0.0002020813491704048
dual,direct_20,0.3247185376912898,0.48100641895100404,0.1972127334504657,0.31531142316893807,0.2501327890711389,0.33134797785504394,0.0,0.00042013709087860033
dual,direct_40,0.3258320173075949,0.4598385592152359,0.19547302523084215,0.291966872941969,0.259384719444394,0.3357116323633087,0.0,0.0003174018322510106
dual,direct_60,0.32408707769083445,0.4480330357800857,0.19436358478132604,0.28104835452020127,0.25650769153601083,0.3339669469074414,0.0,2.415612327242461e-05
dual,population,0.3702678872039892,0.5770775445152223,0.120318996161153,0.32711682007125165,0.4998977820856723,0.49992125298309936,0.0,1.95904841923248e-06
dual,twin,0.35209370658093797,0.47525692023030125,0.24114051680276835,0.34258210710047704,0.1791868612988938,0.2653379945141323,0.0,0.00011631745515945162
none,none,0.8277485564252511,1.1603732596356713,0.8277485564252511,1.1603732596356713,0.0,0.0,0.0,0.0
single,checked,0.3337233917516176,0.5687187051103159,0.1970603889189941,0.4254911236719803,0.3308898188578057,0.2859605396447028,0.0015783160243979999,0.004946232319681828
single,population,0.3359165802614559,0.7091976042925913,0.16973160422569084,0.5460842586913686,0.34624007757649194,0.3259050283500054,0.00128058875167075,0.0032166285243980046
single,twin,0.40205983030286346,0.6904320356284521,0.278332388648191,0.5774674448655234,0.1579113582951363,0.22499108297869458,0.0021797868989448504,0.00938098547162677
