median_diff,ci_lo,ci_hi,mean_diff,frac_better,p,r_rb,shapiro_p,n,family,method,comparator,p_holm,gain_share
0.0,0.0,0.0,-0.033748898047335815,0.0075,5.0378412974384133e-20,-0.9931687626145008,2.1230474898070584e-40,400,continuous,twin,checked,5.0378412974384133e-20,
0.033950289838974246,0.024488759023578,0.041588510504797005,0.07033916290757314,0.72,2.5236032610629994e-21,0.5470324189526184,3.3091329624693753e-37,400,continuous,twin,population,5.047206522125999e-21,
0.033950289838974246,0.024488759023578,0.041588510504797005,0.10408806095490895,0.7125,1.0363813688843683e-48,0.9988869531552459,1.2524922697951854e-36,400,continuous,checked,population,3.109144106653105e-48,
0.0,0.0,0.0,-0.012252390444889264,0.005,6.599899073057347e-17,-0.9719645433931148,1.1133077525226588e-33,400,dual,twin,checked,1.9799697219172042e-16,0.39354400268523315
-0.0028010236870308347,-0.004553048927846359,-0.001266804519928888,0.09977733369912242,0.37,3.785272650916355e-06,-0.2667331670822943,6.4538881018334595e-37,400,dual,twin,direct_10,7.57054530183271e-06,0.39354400268523315
-0.007426055339538357,-0.010473832075305084,-0.00497120140485692,0.005749498720702768,0.18,4.528987548607401e-34,-0.7120031639311845,1.983210698955787e-37,400,dual,twin,direct_20,2.7173925291644404e-33,0.39354400268523315
-0.009147716740025874,-0.011618103908541566,-0.007056448141410487,-0.015418361015065331,0.1325,4.507593217682057e-45,-0.8274490902518375,1.1862549447487537e-36,400,dual,twin,direct_40,3.6060745741456457e-44,0.39354400268523315
-0.009562355776756848,-0.011605234663479902,-0.006935927950322329,-0.02722388445021557,0.11,2.2382212123077056e-54,-0.9132225287665702,1.3685056743153338e-36,400,dual,twin,direct_60,2.462043333538476e-53,0.39354400268523315
0.04124663057985248,0.03301983109363943,0.05105457841875349,0.1018206242849211,0.745,1.7782509745851568e-26,0.6143890274314214,3.504509091473499e-36,400,dual,twin,population,7.113003898340627e-26,0.39354400268523315
-0.0008641315337569178,-0.0014280699484616145,-0.0002608469708577088,0.11202972414401166,0.435,0.12200311613904928,-0.08922693266832918,3.0124961941567103e-37,400,dual,checked,direct_10,0.12200311613904928,0.44451117592463096
-0.004487045436478987,-0.006363630781730897,-0.003392156310700445,0.018001889165592037,0.21,8.74057106615246e-30,-0.6632258915035265,3.8653294330898085e-38,400,dual,checked,direct_20,4.37028553307623e-29,0.44451117592463096
-0.0062909644971021195,-0.007655913374536,-0.004219880967549439,-0.003165970570176069,0.1675,1.5734008098180163e-40,-0.7828654054705386,6.159559044617183e-38,400,dual,checked,direct_40,1.1013805668726115e-39,0.44451117592463096
-0.006226520376338099,-0.008050733592645853,-0.004551736638480047,-0.0149714940053263,0.135,1.3371232635976028e-50,-0.8798196622030819,2.3825972231694223e-38,400,dual,checked,direct_60,1.3371232635976028e-49,0.44451117592463096
0.041139329784896095,0.032921949482206135,0.05105457841875349,0.11407301472981037,0.74,7.414383092837643e-50,0.9856184293926081,4.6500636424105145e-37,400,dual,checked,population,6.672944783553879e-49,0.44451117592463096
-0.00208747624374922,-0.006217888451078846,0.0,-0.12171333051813628,0.0175,2.3151151462905505e-36,-0.985963725531645,7.58775366337465e-35,400,single,twin,checked,6.945345438871651e-36,
-0.0026454168606997452,-0.0064146833092321165,0.00022380618650724715,0.018765568664139164,0.4575,0.00015282394436917708,-0.2187468671679198,2.725743615588248e-39,400,single,twin,population,0.00015282394436917708,
0.0,0.0,0.0,0.14047889918227544,0.44,3.61416044695389e-30,0.9754999099261394,2.602596252356597e-40,400,single,checked,population,7.22832089390778e-30,
