cohort,step,param,n,rho,mae
dev,rest,c,40,0.5534757783161615,0.04999999999999993
dev,rest,s_off,40,0.8873848624584533,0.0875
dev,rest,s_on,40,0.8210089253244163,0.1375
dev,refined,c,40,0.5534757783161615,0.04999999999999993
dev,refined,s_off,40,0.9070250493844629,0.0888040095814974
dev,refined,s_on,40,0.7836690515542072,0.10588119539593972
dev,refined,g,40,0.30811828826574367,0.4398733096750158
test,rest,c,34,0.9161001345448263,0.0
test,rest,s_off,34,0.9042627034169267,0.05000000000000001
test,rest,s_on,34,0.7596205540140228,0.13749999999999998
test,refined,c,34,0.9161001345448263,0.0
test,refined,s_off,34,0.8517248224833205,0.09166092230413506
test,refined,s_on,34,0.7078429698411047,0.15573735912552839
test,refined,g,34,0.588480865039102,0.4206339120671374
synth,rest,c,400,0.5849778551575434,0.03200000000000003
synth,rest,s_off,400,0.89299287063412,0.10057613862443819
synth,rest,s_on,400,0.8450581665933512,0.14236295876656477
synth,refined,c,400,0.5849778551575434,0.03200000000000003
synth,refined,s_off,400,0.8961275323651999,0.1319953704708514
synth,refined,s_on,400,0.8273573768386273,0.14544751278164142
synth,refined,g,400,0.35510273459412184,0.4559928756874696
stress,rest,c,200,0.3979806332521982,0.04349999999999998
stress,rest,s_off,200,0.7869136637839703,0.18279502486818705
stress,rest,s_on,200,0.7322722664292931,0.20018936739076898
stress,refined,c,200,0.3979806332521982,0.04349999999999998
stress,refined,s_off,200,0.7984242997932903,0.21352160483140004
stress,refined,s_on,200,0.7037728043048173,0.2045375098218965
stress,refined,g,200,0.42573173805477155,0.6123510870143448
test_rest30,rest,c,34,0.7999412791599243,0.02499999999999991
test_rest30,rest,s_off,34,0.8794058267814717,0.09999999999999998
test_rest30,rest,s_on,34,0.8486568116413741,0.1375
test_rest30,refined,c,34,0.7999412791599243,0.02499999999999991
test_rest30,refined,s_off,34,0.8641025357895199,0.09999072542447573
test_rest30,refined,s_on,34,0.7917751060058491,0.17088269241050355
test_rest30,refined,g,34,0.4164438101318347,0.34795517356686134
test_rest120,rest,c,34,0.8881949626767769,0.0
test_rest120,rest,s_off,34,0.9212804105861372,0.05
test_rest120,rest,s_on,34,0.8689765947682424,0.10000000000000002
test_rest120,refined,c,34,0.8881949626767769,0.0
test_rest120,refined,s_off,34,0.8844540578956802,0.09298549652719487
test_rest120,refined,s_on,34,0.8354993153740038,0.14397245364425315
test_rest120,refined,g,34,0.4036564957131012,0.5283109078718711
