pid,source,c,s_off,s_on,s_on_imputed,g,dtz,noise,kappa,m_p2z,m_zp2
stress000,sub-8RgPiG_left,0.577,0.4232280681705003,0.6580772091429463,False,1.0251940358416176,0.7243768921053784,1.4297407763962622,3.426984294826047,0.8368844713171587,0.8359217277124104
stress001,sub-BYJoWR_left,1.698,0.2466244907427564,-1.0,False,0.523021894234773,1.612914505909142,2.5802662410578385,6.469734528963067,0.802694211004617,0.9879874247049709
stress002,sub-PuPVlx_right,0.508,0.17441880700912926,0.14379833977456263,False,0.5255848067429774,-0.7027910245351174,1.9142131254321169,1.555354742718399,0.8797854094154406,1.1572376878956783
stress003,sub-hnetKS_right,0.691,-0.4025493102187209,-0.5274631688728652,False,2.2979522356157873,-0.44295505030244353,1.3123873726786468,3.3285103777625755,0.8706597040333093,1.1738866621408284
stress004,sub-iDpl28_left,0.867,0.5687084726111606,-0.42536557436437483,False,0.46057562624627435,1.9472310432237432,1.9642095806074424,7.200512595674432,1.0810294400756102,1.074033327071131
stress005,sub-PuPVlx_left,0.5,-0.8471228642256291,-0.509426735651321,False,0.5769494646371257,1.2590253542493106,1.992359304876051,1.8062775327843696,0.8010199405599894,1.0784414964347084
stress006,sub-hnetKS_left,0.744,0.09034885292277504,-0.16161542691659786,False,0.6515946925091851,0.3916036735244326,2.782935642222843,4.827261470276427,1.0125210635522002,0.9541888125628607
stress007,sub-2IU8mi_right,0.68,0.31210313533006356,0.02224430956357104,False,1.069373807227368,1.4598525241431526,1.3285673804486355,1.51044404518254,1.0705432525026386,0.9656534016152805
stress008,sub-oLNpHd_right,0.557,0.7390418672596771,0.12221110694833437,False,1.0793295021138853,-0.7303485991578289,2.217953747182022,3.8990229884179017,1.1128656997829391,1.0379810658237099
stress009,sub-0cGdk9_left,0.551,-0.04760695969830737,-1.0,False,0.9161794974886976,1.1445057507941758,2.4852716817456377,4.513983334233659,1.1633994267681058,1.0781931565212521
stress010,sub-AB2PeX_right,0.5,0.1998988051036119,0.09738501121091721,False,1.0767739561451126,0.3266145459443992,2.0372314038925867,1.6796248411374906,1.0881238256298338,1.1216991392872924
stress011,sub-PuPVlx_right,0.5,0.15367353036710818,0.021119907145320582,False,0.289772900124266,0.5999460290780441,2.191266695949733,5.743762850361,0.916370360024947,1.1204925220334818
stress012,sub-8RgPiG_left,0.545,0.5985068605702202,0.6326360102429972,False,1.0828323764247045,-0.8347545518090209,1.296727853380744,3.950665248009499,1.1677084942082174,1.160657556840943
stress013,sub-BYJoWR_left,1.66,0.18619766279356528,-1.0,False,0.8789811338838505,0.9036132356748308,2.2988880731893313,7.34726472404583,0.8984577104762508,0.9991918656048988
stress014,sub-PuPVlx_left,0.5,-0.6895677213094706,-0.5632986136464683,False,0.4903312208481411,-0.4740828741433951,1.1050908962267296,7.859326923761872,1.01561905600931,0.994240516769133
stress015,sub-dCsWjQ_left,0.576,0.1584920494538654,0.3981459015350818,False,1.8472244803616253,-1.1296043774513342,2.627088338936619,2.4547248416263483,0.8449777403930824,1.07902303598319
stress016,sub-AB2PeX_left,0.586,0.39018653551256355,0.008254055041996555,False,0.42889126159963536,-1.3856438006237113,1.2777813038954229,1.2901893231512664,1.0465615015053051,1.0682840332093306
stress017,sub-dCsWjQ_right,1.459,-0.41394463605735504,-0.8692085447533773,False,0.4877254666507219,-1.1862967431518778,1.611253163566728,1.4972846566244344,0.9927355481796472,0.8108713984737672
stress018,sub-dCsWjQ_right,1.387,-0.30723676748186496,-0.9931846452663453,False,2.0077865524297116,-1.8038990307664649,2.1761006778239467,1.5961241556268413,0.9520742069596312,1.1211999999411937
stress019,sub-AB2PeX_right,0.551,0.1320863229060336,-0.1889648756672382,False,0.5978766377285868,0.7061899373155258,2.586150826104389,2.8868601817447406,1.1642346070623664,0.9578806068903817
stress020,sub-QZTsn6_right,0.509,0.0659343332389567,-0.0777931737886085,False,0.9830241402885092,0.3965982960547856,2.2218164774167093,6.728002173622367,0.9963708818715147,0.9404926974291689
stress021,sub-AbzsOg_left,0.778,0.11345744988515341,0.1296045438880432,False,0.7420061274419489,1.9831980656234247,2.0049477707748804,1.4808257363295463,1.0804629259731282,0.9041627793853777
stress022,sub-2IhVOz_right,0.556,1.1,0.9804644834889013,False,0.5769053284536168,-1.55204064979799,2.911006454701221,4.013527783555217,1.0995178175558076,0.9452401334572559
stress023,sub-PuPVlx_left,0.533,-0.8511689923343924,-0.7346690433933458,False,1.7346445081382997,0.34680244751387823,1.8795696141896086,4.287522587293489,0.9395117665629829,1.1005357501763704
stress024,sub-VopvKx_right,0.843,-0.3409472976280638,-1.0,False,1.1941125716944179,0.7545439718324252,1.200700859284513,2.8704843826777786,0.8527360676006971,0.9782459637521952
stress025,sub-dCsWjQ_left,0.502,0.04433360796384431,0.10031860126871706,False,2.53771826309567,1.0065471425806725,2.360763383735544,7.559813391891638,1.0418644927363239,1.1527148301066663
stress026,sub-VopvKx_left,0.783,-0.337303095745612,-0.6371175373397095,False,0.41085958226912594,0.02137579955778257,2.4094104169587762,1.194904700328833,1.1727327716537441,1.06063834779529
stress027,sub-6m9kB5_right,1.243,0.036787744141886736,-1.0,False,0.7212317771660474,-1.491935329816255,2.4737658317173543,1.502445590602088,0.8554125682584176,0.9709987269351099
stress028,sub-hnetKS_right,0.691,-0.18758388238566912,-0.10727996707128154,False,0.9650137507176879,-1.2913349007808517,1.4958913017227418,4.067148186998784,0.85184927261725,1.0399998253024039
stress029,sub-i4oK0F_left,1.067,0.6219417575413766,0.6311412041991606,False,1.1490393077244578,-1.9428315075647395,1.5908197883564217,4.301457274288456,0.9782937838432675,1.0148581009138529
stress030,sub-hnetKS_left,0.687,0.06055149540321832,-0.24818224549353496,False,0.9204602747638898,1.0006552015890606,2.025583029687268,2.8772769703292704,0.8253729451941949,0.9046764423497768
stress031,sub-AB2PeX_right,0.5,0.1692886125591965,0.10252962049201919,False,0.33872746174747526,1.6918691073950436,1.839150472684958,1.7299660630912628,1.0235292566066103,1.1298992436216309
stress032,sub-VopvKx_right,0.725,-0.3274422602086426,-1.0,False,1.694934930091121,-1.3463700773576033,2.184916800022962,1.797802164349636,1.1780967414900916,1.1767261327599645
stress033,sub-AB2PeX_right,0.538,0.1485848027249019,-0.03287720385770895,False,1.085090986850209,-1.3885209104019802,2.5110767680286283,1.5851051513758527,0.8555384912019289,0.9321430324184623
stress034,sub-iDpl28_right,0.737,0.3541997933228278,-0.18903824198177088,False,1.5353696640396153,-0.35947326120340595,2.3012886848063037,2.408606995770383,1.0656164156960581,1.0265646031856508
stress035,sub-jyC0j3_right,1.008,0.21838982432961093,0.1936624987948392,False,0.5635201757349363,0.4547107898309992,1.636478387859344,6.613015718658449,0.8840535627383472,0.8401789596628991
stress036,sub-AB2PeX_left,0.562,0.20084983939853598,0.25914694860722437,False,0.5333049419949681,0.3342082338124528,2.1068333864433857,6.09358610984162,0.982821801278828,1.11062321734922
stress037,sub-iDpl28_right,0.731,0.155802930329697,-0.41538988244947667,False,1.2775413922052088,1.4732991991429465,1.3243974555489635,3.381392837317229,1.157503822277325,1.1705703066667905
stress038,sub-QZTsn6_left,0.631,0.058384059180822935,-0.07780788783895545,False,0.6793884297741386,0.02520301679530812,1.6375502416761651,1.9764523168785961,1.084588984018851,1.1896738498544819
stress039,sub-AbzsOg_left,0.845,-0.10638484062354975,-0.2747465289693675,False,2.443439114538893,-1.26162756039386,2.1425441277966315,2.4510931031896512,0.9519642354874542,0.9379218973688789
stress040,sub-AB2PeX_right,0.635,0.2837831505304518,0.12642526395005338,False,0.6736142520275522,-0.27488725499776967,1.6080081498380911,1.2723485107517298,1.1987640455276445,1.19668840313349
stress041,sub-FIyfdR_right,0.945,-0.5833628142325532,-0.18460382179272417,False,1.915225274392288,-0.19272242153849195,1.3220950366060527,2.6102179796023264,0.8228641185038044,1.107239305049676
stress042,sub-jyC0j3_right,0.996,0.4068887843706534,0.2273221122138357,False,0.676634698523992,-0.968543055384306,1.2407264990485096,1.956012363497375,0.8855053506904695,1.181679152000132
stress043,sub-8RgPiG_left,0.589,0.6683258951327944,0.9432098263421985,False,1.8709825285570387,1.857032077708344,2.194402447371072,1.1223210291862076,1.1038704058605624,1.1622159003626424
stress044,sub-2IhVOz_left,0.55,1.0804996848934016,0.9784330939017851,False,0.9664668532952879,0.9793647370476122,1.8168587335926731,3.800386802855737,0.8521806409792894,0.8151013036947777
stress045,sub-2IhVOz_right,0.642,0.9741680224431736,0.8694961911482867,False,1.3378610585805317,-1.8002559195645933,2.9572563132476217,1.1375350201635808,0.9986999483102461,0.9082979348213871
stress046,sub-0cGdk9_right,0.979,-0.8614451319662424,-0.6454640268636498,False,1.2101399989676522,-1.1632493832715252,1.7547985582260544,3.3639745068508176,0.8028232224348436,1.1787078913644065
stress047,sub-2IU8mi_left,0.581,0.1686157678224024,-0.19550063755010205,False,0.42231059602807375,1.6324704735045112,1.6534868703012267,7.887394088933512,1.0405105835143178,0.9831514824436615
stress048,sub-BYJoWR_right,1.279,-0.5595907429550758,-0.602446646780673,False,1.157656555780838,0.03729058807421115,1.719689496071153,6.915622883468547,0.9334499769019393,0.9756713195297657
stress049,sub-hnetKS_left,0.79,0.06243190228126349,-0.19257986282716533,False,1.020986419240432,-0.14376005617708598,1.6731570920403303,2.2187480290212895,1.0443917465144352,1.0030419093556635
stress050,sub-FIyfdR_right,1.017,-0.5754480047873091,-0.1301878150552528,False,1.045875935107702,-1.7836017801272708,1.763469286045979,3.9126796267152413,0.8380794180602431,0.8591475636356122
stress051,sub-oLNpHd_right,0.5,0.7365629180480411,0.11193520715143279,False,0.7282850433262127,-0.1889255383155133,1.7487060366570815,3.29887563949762,0.8484720136403899,0.8987044298405417
stress052,sub-QZTsn6_left,0.593,-0.11543855194166035,-0.2789701890941529,False,1.0535387342343459,-1.0344519099839524,1.5990699396767203,1.860031490753049,1.0186351580485784,1.1358228410510285
stress053,sub-PuPVlx_right,0.516,0.12306271740777168,0.13706431456568743,False,1.1347526947496682,-1.5341806905552597,2.4814151028898572,6.683941964621823,1.125520138461979,0.9955918597027192
stress054,sub-oLNpHd_right,0.581,0.622795460176276,0.015793443260658346,False,0.662349315592906,-1.7773598411672964,1.4298762239038303,5.64445596332992,1.019864776891647,0.9146860853319262
stress055,sub-6m9kB5_right,1.213,0.29842085710594624,-0.8227195111458049,False,0.5434637384427986,-1.3709204074383838,1.6836255960419195,1.9885495857086133,1.006524452543955,1.0301381810071424
stress056,sub-8RgPiG_right,0.89,0.17001403714310792,0.1196572770861895,False,1.0319179980323525,0.9264017197914356,1.565078453928845,2.38147848162367,1.021134384834114,0.8422296680639128
stress057,sub-FYbcap_right,0.623,0.38499438745583026,0.14122137588071237,False,0.7585466642104218,-1.3853263888577843,1.397578103213889,5.561518326165519,1.0573418205736118,1.1830370131512544
stress058,sub-AbzsOg_left,0.89,-0.025686953258415073,0.16540951965070047,False,0.4172356993527192,1.7311388869221371,2.429100958100046,5.4383202103666015,0.9523002386682976,1.172868684119049
stress059,sub-jyC0j3_left,1.389,0.11853591695452433,-0.26665828110396805,False,1.4890942879198217,1.7491648918824185,2.3907882823648374,6.922262425904126,1.0093172847946217,1.0572063768709543
stress060,sub-FIyfdR_left,0.87,-1.0,-0.9486957802755706,False,0.5092635403718608,-1.438677691545402,1.7348642792582274,7.544587708259899,0.8019775064372867,1.072649203460481
stress061,sub-8RgPiG_left,0.575,0.43699929197876836,0.592055889829047,False,1.1012692441677339,0.8828519379332893,2.2688758385513736,1.4825344226030706,0.9916900763852454,1.161643189360271
stress062,sub-oLNpHd_left,0.553,0.09898999187825774,-0.036040537031926584,False,1.852067933090371,1.4784232620803452,1.1028790274601148,1.6379494567872759,0.8293672886490543,0.9278351456155388
stress063,sub-AB2PeX_right,0.5,0.1618496764150007,0.20913548732734055,False,1.698790770014576,0.7397417434851037,2.756080038551978,5.4458121358840845,1.1882932524295673,0.9828565833265425
stress064,sub-AbzsOg_right,0.555,-0.04890139640639176,0.022240591467371125,False,0.5212986389496973,1.9101313918452694,1.9823637229719908,4.0960269235144535,0.8813253210897546,1.1732853818863005
stress065,sub-FIyfdR_right,0.941,-0.6292536870955123,-0.44872546062958407,False,0.47895866165588297,-1.100698112944197,1.8012430590928123,6.476629995626652,1.05632582122292,0.9196344290259582
stress066,sub-AbzsOg_left,0.807,0.17136372560166976,0.16135649691449067,False,0.7799072112180102,-1.5930210145351382,2.164739323901767,2.287818074769079,0.8284841326403783,1.1563855014356668
stress067,sub-0cGdk9_right,1.038,-0.8948171497919686,-0.5669154264269138,False,0.5337236455808894,0.30312263447114374,1.3749456221151624,5.55686328336606,1.1497580697977248,1.1100966057359778
stress068,sub-PuPVlx_left,0.507,-0.8138528556180331,-0.7841058919214408,False,0.8336335960239614,-0.9628442883732204,1.5211463767994762,5.925567855464598,1.132957657337,0.9288697011498288
stress069,sub-AB2PeX_left,0.686,0.3772072589029042,0.11020288999452388,False,2.022546263963823,1.829644752078646,1.3302889301732432,7.854607552020571,0.8949581174374166,0.8863871501151588
stress070,sub-2IU8mi_right,0.678,0.21874617092910675,0.08580730864461042,False,0.8260650705660246,0.4896734584513589,2.2458070734790443,2.6599865953550568,0.8210052115405209,1.0841441414480002
stress071,sub-iDpl28_right,0.825,0.23423074466441351,-0.35678108074972303,False,2.3009572300356584,-0.612715189835412,2.4757552767464066,1.4806908810009447,1.1475417724454915,0.9295763023607753
stress072,sub-dCsWjQ_right,1.49,-0.23929431250288685,-0.8693940198792975,False,0.964957297292473,-1.6844968484497151,1.7083496760296977,2.644317160222611,1.0612767743174882,0.9073582081544214
stress073,sub-VopvKx_right,0.769,-0.4721149908177417,-1.0,False,0.6227508177096079,1.3968112773673118,2.2743132882929946,5.885952201727434,1.1556310863706476,1.1160080239013646
stress074,sub-PuPVlx_right,0.541,0.20794068012455122,-0.019956490515998265,False,1.4276359818083515,1.4897435384174669,2.348072839978025,6.655815115098795,1.0172711959395333,0.890162235552217
stress075,sub-0cGdk9_right,1.108,-1.0,-0.833985596847694,False,0.40346866416384086,-1.086906651828035,2.3837156645580744,2.1153397497967905,0.9884302705493921,1.1196491531532742
stress076,sub-iDpl28_right,0.75,0.20200358999112297,-0.5105749567754398,False,0.6217983546133875,1.0398614558257453,1.6231241119907387,2.2722584482178956,0.9324569536158285,1.0404792097976234
stress077,sub-FIyfdR_right,0.935,-0.7096363163925888,-0.15037873478153807,False,1.140575020561652,-0.01723688982847138,2.195743922933146,2.3657059583790616,0.845335011354295,1.1001216338441413
stress078,sub-0cGdk9_left,0.548,0.06361794099473089,-0.9177565709011177,False,1.0437633712484522,-0.8214816588433957,2.8144440243819995,2.3511709264281335,0.8626443190697552,1.0446222573185437
stress079,sub-FYbcap_left,0.655,0.11967132908318509,-0.2359649825198525,False,0.9907070215632138,-0.33740043361297856,1.2956098514692977,3.634692013417955,0.9122362745763639,1.0892587790258617
stress080,sub-FIyfdR_left,0.834,-1.0,-0.9808198235662486,False,0.8824488137734122,-1.4855691112052178,2.4921723322355636,1.743575129883507,0.8666197092893608,0.9611213827943785
stress081,sub-AB2PeX_right,0.563,0.12172480460791657,0.1119463899095796,False,1.4507591306168506,-1.0602674107818069,1.0489193908498353,2.1461431961208426,0.9240260435231978,1.0878191582838626
stress082,sub-hnetKS_right,0.681,-0.40129086570304545,-0.16143165354587385,False,0.7278047925864963,0.8424378318206167,1.608049425962985,1.3702653299462577,0.9046735858483655,0.8198303517372547
stress083,sub-QZTsn6_right,0.638,-0.0707177175567755,0.08851489906314991,False,1.4632241075001835,1.3248977609539097,1.7625939125595302,4.812175637818229,0.8587017807647167,1.0380315945232717
stress084,sub-AB2PeX_right,0.539,0.14504285389501653,0.05695909846690353,False,1.2560684920772527,-0.63461127063526,2.7488514794589927,1.7828307235314633,0.9445777341399975,1.0149477795678368
stress085,sub-2IU8mi_right,0.667,0.3172770075562268,0.04587461524358094,False,0.6480723755046797,1.0721637771062382,1.8817700028787514,4.8262061303008705,1.0934634862722354,0.946124946986149
stress086,sub-2IU8mi_right,0.61,0.20459081386628283,0.07305404032947152,False,1.7076560293036243,0.44871115379387083,1.2989539721212218,1.3673311034011384,0.8071156273765088,0.9004371028855337
stress087,sub-8RgPiG_left,0.528,0.4627370923276002,0.6513776914634705,False,2.2348668364134556,1.3676687021714784,1.592314226439961,1.1938623792068535,0.8212826219338202,0.9277166631562024
stress088,sub-AB2PeX_left,0.551,0.42353716361348515,0.18094285327289475,False,4.017759386260341,-1.7470036961435365,2.7875264946399305,5.468367388153189,0.861851150264001,0.8517489551198562
stress089,sub-QZTsn6_left,0.631,0.07060030907422067,-0.00918259328118376,False,0.34212578114798137,1.099911640145554,1.713375264531848,4.228359284088242,0.9715685323719649,1.1399916732126152
stress090,sub-jyC0j3_right,1.006,0.3993875636876426,0.22740849267212726,False,1.016385449555193,-1.6493916858279754,2.148365296730575,4.8408701706941,0.809623031222612,1.0072906127199985
stress091,sub-AB2PeX_left,0.644,0.4102231481685353,0.1795205475286132,False,1.742537487256206,0.9350309754865087,1.396274354833371,2.8884525340049545,0.955159167878567,1.0679892382362564
stress092,sub-FIyfdR_right,0.929,-0.60728734178083,-0.4122655169803058,False,0.7399331493311299,0.09663465704189234,1.3402110360866009,3.542375885314377,0.9373042010655799,1.1232654240907594
stress093,sub-oLNpHd_left,0.5,0.20207727585285631,0.11079132148482082,False,0.5407024808358039,1.3984002878743982,1.6371125038354255,7.5850400346524305,1.0657186838199704,0.8252796703649564
stress094,sub-dCsWjQ_left,0.5,0.3430793775715464,0.25370217153307045,False,0.791602249406284,1.075030305041174,2.4492617212037286,2.549961540048267,0.8093880018671049,1.139277302196463
stress095,sub-dCsWjQ_right,1.495,-0.30050867736787246,-0.9481385992188356,False,1.3599215490402465,-1.0508460764805756,2.3386395263364532,3.426178194926742,1.0415950121687634,1.1717602577049162
stress096,sub-hnetKS_right,0.681,-0.28624003050755414,-0.2797092690244262,False,0.9604145207698672,1.9032593951303212,2.5764294594903614,1.4404539878778104,0.949292604190584,0.865933977113638
stress097,sub-0cGdk9_left,0.509,-0.025858740425143627,-0.9598756511608424,False,0.36089246917797385,1.8791431591494758,1.532145574450331,2.003167543595038,1.055285761710565,1.0577546429681561
stress098,sub-0cGdk9_right,0.995,-0.7275367066410546,-0.7466749156088834,False,0.3764821030110624,-1.4227776865706043,2.4230682612944947,7.302685337453443,0.9119540218374004,1.1712199987325156
stress099,sub-BYJoWR_left,1.764,0.18392993910287303,-1.0,False,0.5629888373799695,-1.3877116254825412,2.623704882931076,5.992632627623163,1.1501255698087889,0.8392409702770411
stress100,sub-iDpl28_right,0.828,0.35910873012172984,-0.2746155198591329,False,1.5391576219004246,-1.8926469893361033,1.2138496486635566,1.5795353551785933,1.105677526474324,1.0736148096517375
stress101,sub-0cGdk9_left,0.598,-0.036926197695981225,-1.0,False,0.7019493332836308,-1.1598275840919063,2.7093540657463997,7.51960261536372,1.1680208407969208,0.9217839395330867
stress102,sub-dCsWjQ_right,1.484,-0.4692850498461888,-0.9605905791334903,False,1.170656032749524,1.1068119109484749,1.546453638447994,4.6526315123140645,1.003574325241436,0.823653207792101
stress103,sub-gNX5yb_left,1.478,-0.94136470640609,-0.8646652147448813,False,1.122260947042695,-0.5805665080765197,2.4334062328016794,1.4483494506872825,0.8279978568817541,0.9220389429695617
stress104,sub-2IU8mi_left,0.656,0.209590547657034,-0.06244484655261873,False,1.2767818947557945,-1.118322885616195,1.407696104829202,3.61860572101044,1.100998402565839,1.1349943800719329
stress105,sub-FIyfdR_right,0.911,-0.7320073412348003,-0.372667671599165,False,0.44734055955973223,-0.7943350226313863,1.2229029529969564,4.109865665810564,0.990366209063629,0.9970536441292432
stress106,sub-AB2PeX_left,0.604,0.44439065619624807,0.3231953351542366,False,0.6338038256811559,1.2252007746825488,2.168578451607444,1.2701974151191522,0.8193420726826769,0.9391227986753794
stress107,sub-AB2PeX_right,0.591,0.16710674212337767,0.039504991129719474,False,1.0084984451222696,1.1212101567529897,2.889921084315368,6.668189037872309,0.8531065756269658,1.1938608717783195
stress108,sub-BYJoWR_right,1.384,-0.5047112744740219,-0.44047186060473065,False,1.1730674873192202,-1.7218412589285341,2.114515929849797,7.859669438457059,1.1840614485544385,0.8622428575249463
stress109,sub-BYJoWR_left,1.74,0.1834581256834738,-0.9535347267014329,False,0.527101076498048,-0.19434318118624372,2.364705516950383,1.31716708473351,1.0407337620708395,1.0285482779600579
stress110,sub-FIyfdR_right,0.981,-0.5451575128270696,-0.2738927172465944,False,0.6894279010422348,-1.1228430935445326,2.7872979670112485,1.1117247637395995,1.0468909106894024,0.9731957259155484
stress111,sub-VopvKx_right,0.64,-0.4241902929845881,-1.0,False,1.4281036089636443,-0.3087701993157248,1.0219883878099545,1.1322409473196795,1.178452353360354,0.8887378522313499
stress112,sub-PuPVlx_left,0.5,-0.6845306721416711,-0.599697742002674,False,0.6642804928302879,0.8371426909909565,2.4977702914753634,2.159558094317392,0.9749850380028509,0.8505584584795226
stress113,sub-AbzsOg_left,0.756,0.07623211031309163,0.02674541715238677,False,0.9243976280257594,1.0769228027548374,2.715882112399631,1.4693857679330562,0.8539633193744307,1.1117828150686322
stress114,sub-dCsWjQ_right,1.527,-0.43534310631078377,-1.0,False,1.4452867783931302,0.9296880943296553,1.1926587649113274,6.276709504779689,1.024689376049231,1.0127414765672529
stress115,sub-iDpl28_left,0.866,0.4799047252414932,-0.7527203517057062,False,1.4646225533861288,0.4229031591908434,1.963250793445946,6.803626308506741,1.0744687635591093,0.9591310569916066
stress116,sub-hnetKS_right,0.707,-0.4628307030842253,-0.30360752609659314,False,0.4994302668358688,0.25229447851382636,2.0296428371407487,1.7320370686775246,1.0471887526024324,1.1970504857037922
stress117,sub-8RgPiG_right,0.828,0.4379532802965651,0.4097761362249614,False,0.7822877661861992,-0.5341501158884849,1.340699345388968,4.452609568735083,0.8961784152530723,1.0281972027846138
stress118,sub-hnetKS_left,0.775,0.15477777320213992,-0.23970836895305198,False,0.4545583194095501,-1.5310685831664208,1.1232717376287853,1.631985067413805,1.1172668450619625,0.9502466064629272
stress119,sub-gNX5yb_left,1.492,-0.8475597395470773,-0.9507890182335915,False,0.446988601504649,1.9941814698657443,1.2704502813837053,4.186457941868128,1.075443497157469,1.0152792631323333
stress120,sub-2IhVOz_left,0.528,1.1,0.9243000082088666,False,1.8596091522434448,-0.5260558852925739,2.5498758544537936,1.1649706540565066,1.0123494098038353,0.9418715907002784
stress121,sub-VopvKx_right,0.792,-0.29675982414739144,-1.0,False,0.9383971169759541,-0.3102964731369169,1.9579665122206464,3.5052739122965244,1.1984201317288385,0.9044807358576952
stress122,sub-AB2PeX_left,0.588,0.3385102439431002,0.16170828309132554,False,1.192450077549537,1.3215325033204448,2.200303073688275,3.7228306014920927,0.847618743218496,1.1546829124344784
stress123,sub-2IU8mi_left,0.658,0.21106777146341185,0.040119889081896204,False,0.19656883169537523,1.1657883110924425,1.487371862198477,1.2577790623879146,0.8248084941490786,0.8189323461730793
stress124,sub-2IU8mi_left,0.628,0.0686292017873048,-0.13323535916386814,False,1.4406229621593036,1.7141174361962994,2.8683264302693594,2.411477664920925,0.9029526727034237,1.1566120104333861
stress125,sub-i4oK0F_right,1.139,0.3015466074705531,0.20402063928216121,False,1.6320374567658815,0.10044498245790834,1.8414422676932631,2.594719127782653,1.0117523466514018,1.119018419317518
stress126,sub-AbzsOg_left,0.771,-0.07258752983246469,-0.13882598309967933,False,0.9646355424592896,-1.633587405464473,2.8964856270236052,1.4464737635778278,0.9408306714551246,0.9619802663904357
stress127,sub-FIyfdR_left,0.795,-0.8771028529415199,-1.0,False,0.7142120741026112,1.826223132725088,2.658311989633553,2.6964716200354273,0.84665529573498,1.044884927674175
stress128,sub-gNX5yb_left,1.526,-1.0,-1.0,False,0.8606301010774363,-0.1867264767027481,1.0635078493505916,4.6049864818608555,0.9358899984747653,0.9435915896599679
stress129,sub-BYJoWR_right,1.196,-0.6517866680018518,-0.8386784722472469,False,1.4490191741777576,1.0310412966542386,1.607298620544957,3.73168470683433,0.9510464694280147,1.1175985421225447
stress130,sub-BYJoWR_right,1.326,-0.2720874464471696,-0.24977600029010613,False,0.689849986975094,0.5276220760048407,1.670534877993702,1.5694383947909016,1.1520443464924173,0.8215932022595519
stress131,sub-iDpl28_left,0.859,0.5351980047819309,-0.6444769441807632,False,0.5625731912888638,0.8176848338457767,2.02294920933085,1.8905228326441335,0.9944114984778604,1.00164873602039
stress132,sub-BYJoWR_left,1.681,0.15598480419164773,-1.0,False,0.5941946833016181,0.0710506932699504,2.4136829890408387,1.3999219941765455,1.1729503577142844,0.9071380615747202
stress133,sub-i4oK0F_right,1.204,0.4563429928048473,0.5105108684141588,False,1.2494050646730368,1.886108196598553,2.8983861211735293,2.3137489585433753,0.9981274472331501,0.8231765412134038
stress134,sub-FIyfdR_left,0.85,-1.0,-1.0,False,0.931846281041985,-1.6823243725019452,1.5552064083065904,1.2678753588957457,1.1197262030084882,1.076496682897207
stress135,sub-iDpl28_right,0.66,0.42950493141685453,-0.27835687261560704,False,0.4853122972572227,-1.443173601670296,1.3990630554930934,1.3033788407024391,1.1585971906468822,1.0786020198661501
stress136,sub-0cGdk9_left,0.616,0.19034389286762649,-1.0,False,0.8128281200382692,-1.2664678929347506,2.622954652334826,1.3698323769434433,1.1057142161095983,0.9612856583649915
stress137,sub-AB2PeX_right,0.5,0.0422452838141887,-0.013223778712550191,False,0.6200452279039399,-0.190877537281124,1.1328059898206362,1.3533680133559962,0.898761998979161,1.0327161258155875
stress138,sub-2IhVOz_left,0.5,1.1,0.9280160451696806,False,1.3366917455060179,-1.7648087201164246,1.3123012440436337,2.494489599162813,0.982632653614683,1.047254997151797
stress139,sub-oLNpHd_right,0.525,0.8024203109933059,0.15227585585732806,False,1.1678563671279167,-0.5931641731482231,1.662006018770328,5.8956640871072725,0.8678145562971242,0.8718091960263799
stress140,sub-6m9kB5_right,1.357,0.2737704015414377,-0.9194897598478371,False,2.5863666152890668,-0.3548522223221946,1.7281588403610622,6.938179524918612,0.8452125058741433,0.861642711714398
stress141,sub-2IU8mi_right,0.642,0.3548554621036754,0.3387531917495975,False,0.8221866629818846,1.2622484494215636,2.594856494999484,1.6462996150398455,1.0861270668573577,0.9173604368006205
stress142,sub-i4oK0F_left,1.144,0.6732284699738531,0.6988903206807133,False,0.7153850260155394,-0.7754241747538786,2.3843833039896793,4.773337301501985,1.0360180093134614,0.9419159251324204
stress143,sub-iDpl28_left,0.969,0.45104989056322575,-0.556382888413263,False,0.6723501262672184,1.467031345091256,2.0229097434908283,1.7108131289802058,0.8757266815785552,1.026806590672019
stress144,sub-AbzsOg_left,0.953,-0.12830121879750148,-0.10618068844416934,False,0.42534795963075916,-0.09596427978806599,1.2313214595149808,5.687724273535826,1.1433106385525276,1.1250077943108443
stress145,sub-8RgPiG_right,0.784,0.25314648328693684,0.28234637234496623,False,0.5026526869186332,0.8888776721990221,2.6806186774618537,4.156643220043187,1.0611203488317096,0.8561324554047117
stress146,sub-PuPVlx_left,0.508,-0.8637989205984451,-0.6339637351064455,False,0.6861237745309386,-0.9598937039909301,1.8779942229676057,3.6401623613970404,0.8763954198746364,1.0237682129094905
stress147,sub-0cGdk9_right,0.962,-0.8309270366445061,-0.7720556461475419,False,0.5605623006936348,-1.2043863522870275,2.7755424689256447,5.35278673398535,1.150460614492437,1.1656542805118388
stress148,sub-FIyfdR_right,0.961,-0.41622115255340186,-0.14541151245204859,False,0.6179152707767587,0.02611916814263493,1.4686715361403107,5.4475586208197555,1.015854218360089,0.8779771840100781
stress149,sub-2IU8mi_left,0.781,0.19976790674789066,0.0230347491499108,False,0.7544817228497196,1.361434975743868,2.5267038700583204,2.0883936330817066,1.1451583600684765,1.1524402915246166
stress150,sub-dCsWjQ_left,0.557,0.20394883076778147,0.18429729277767223,False,1.5036026176427277,-0.4833794203181494,1.7855788830018373,5.745403057430294,1.0744396650799748,0.8077985442057569
stress151,sub-AB2PeX_right,0.546,0.03866743070181902,-0.02506000077260681,False,0.883330721228933,1.9000771495518722,2.2881748271407396,1.9340045514979693,1.1625634990625575,0.811707383763683
stress152,sub-QZTsn6_right,0.605,-0.04621533565206016,-0.28431304618523534,False,2.111337730383913,0.4251599991698196,2.95076341380482,4.3620817647503936,0.9232809399990406,1.1434178499162753
stress153,sub-VopvKx_right,0.773,-0.39853284677932166,-1.0,False,0.749323686153887,-1.4246211934762076,2.9831756773117855,7.045383364406705,0.9293744923565518,0.9249837088663461
stress154,sub-jyC0j3_left,1.341,0.24477874128440197,-0.11975264109870326,False,1.843856710172845,1.477287242419325,1.8700467617224021,4.020489042254037,0.9160615546336224,1.1089942413589384
stress155,sub-AbzsOg_left,0.832,0.09436630321302311,0.026412998859781683,False,0.4690968496133832,0.0826064786339944,1.9232011700432647,2.022461004473337,0.9372799946064738,1.0858871101837264
stress156,sub-8RgPiG_left,0.592,0.643691058406175,0.9083101024455137,False,1.0289373922199623,-0.9611745045700726,2.373872240185871,6.592717513819878,1.0846892639414307,0.9067645176850062
stress157,sub-hnetKS_right,0.702,-0.2901385741217094,-0.2663377368200913,False,1.2118846272250043,-0.40134315692231004,1.9023009482129096,1.4007380886895386,0.9104419219528451,0.8233730929938272
stress158,sub-AB2PeX_right,0.524,-0.0051465542149258525,-0.0605540434492783,False,0.4012079101650728,-0.5998667465761227,2.0214070450159363,2.7512463686399586,1.07624218944378,1.016468523376695
stress159,sub-FIyfdR_left,1.017,-0.96903224483693,-1.0,False,0.8779579837399044,-0.8813696361728334,1.4011104022439467,6.228937179329982,1.1103883677487976,0.8168053338000223
stress160,sub-oLNpHd_right,0.59,0.6103485678300121,0.05584337004763795,False,1.021450076669775,1.2305048521088882,2.2089095038094775,2.758765643152354,1.0861598753853283,0.9971887605889621
stress161,sub-FYbcap_left,0.577,0.05011153053182334,-0.24228694560919178,False,1.8049917588054125,-0.3921278551911933,1.4201410565076251,6.814498467246784,0.9491493404244327,1.158237580685826
stress162,sub-6m9kB5_left,1.284,0.08799407960284186,-0.9311315948704487,False,1.932988577510794,-0.8799710010156674,2.8475621560995714,1.1050684512792832,1.0065730606292584,0.8534891282549198
stress163,sub-8RgPiG_left,0.681,0.35213638216412796,0.588237235846254,False,2.620700836269295,1.974673346261394,2.1027885286822094,2.4955650520237116,1.0644206786569042,0.812968242945193
stress164,sub-dCsWjQ_left,0.518,0.1898875247964987,0.3439206221107643,False,0.7341724958976742,0.9499043069529525,2.447997904783862,1.6521053703606587,0.8937706090723,0.8837262258773814
stress165,sub-FIyfdR_right,0.916,-0.700239451961884,-0.4467683426434167,False,0.4576332048952039,0.9571053914207446,1.9993303214339717,3.579037956060094,1.0890413991847339,1.1788851559600222
stress166,sub-AB2PeX_right,0.5,0.047849244511205216,-0.22442313169487893,False,0.7921280545638862,0.6033860162861191,1.502315662615245,2.0904923338816985,0.9245608411805465,1.188596995666255
stress167,sub-AbzsOg_left,0.916,-0.017537297241879295,0.10641269739017045,False,1.3199181703114578,-0.7679809272464153,1.8862261379966634,1.2633615273698848,0.895691200220016,0.9979243466008979
stress168,sub-gNX5yb_right,1.008,-0.22466814327412127,-1.0,False,1.5955039147411492,-1.340208231650371,1.4506307924182955,4.061280914331578,0.8714055925423039,0.8261520336724492
stress169,sub-2IU8mi_right,0.64,0.2818354500087951,0.2532006206432884,False,0.581344876080202,0.947139791869346,1.2050583515981557,5.533210904416706,1.081484138626262,0.853146204296028
stress170,sub-jyC0j3_right,1.021,0.39651450081824274,0.35193423748929337,False,1.5486693800796398,0.19595334785298935,1.6157703195473623,3.6186410606137502,1.100998787747504,1.0342618183491532
stress171,sub-QZTsn6_right,0.653,0.025023360403435037,-0.18643876828326741,False,1.9979836361902747,1.0927938400311659,2.784145602156901,1.5107905980650422,1.0437350789861555,0.8908530776717745
stress172,sub-AbzsOg_right,0.706,-0.041844524092424916,0.004591221432773983,False,0.7895780476286729,-1.7289946143426844,2.4640243182132844,1.1548217697005714,0.8405765697031655,0.9990462894859705
stress173,sub-AB2PeX_left,0.683,0.2855436999017106,-0.0380064873996917,False,1.7690124224882484,0.38350805003053834,1.2707744547684663,3.3892576791384506,0.8790578636203739,1.117714612584272
stress174,sub-FIyfdR_left,0.926,-0.888934135784488,-0.744380039752312,False,0.7432807789427539,1.4400029051592909,1.9076627014655287,3.7518409868282214,1.0909288346024006,1.183326583469578
stress175,sub-QZTsn6_left,0.548,-0.10652864501885785,-0.20619370965449763,False,2.3547234056489623,1.7203377577722945,1.1341097135733642,2.406601550346228,0.8496155357245616,0.8553769749944291
stress176,sub-2IhVOz_left,0.525,1.1,1.069779071174486,False,0.6480462070853624,-0.33184117393620927,2.637085880200954,6.932898321167887,1.115080397171544,0.9992457502419202
stress177,sub-0cGdk9_left,0.656,0.14282303477417907,-0.9059893006587532,False,0.9025647261839737,1.8973794147629341,2.393689435550413,7.295878883185235,0.931417249565294,0.889729132387513
stress178,sub-2IU8mi_left,0.688,0.22669126242494825,-0.1431706439761984,False,0.8176731203445485,-1.4788829430026036,2.9746640889656017,4.297323579180739,1.0392039416213987,0.8668119157184756
stress179,sub-FYbcap_left,0.564,-0.04389382398470387,-0.18740330319930407,False,1.769948526381707,0.3897601034436633,1.9417286725574678,4.689012697059465,1.0819502821452105,0.9178508495025036
stress180,sub-AB2PeX_left,0.757,0.19587591754083977,-0.11548328042428158,False,0.736722020237583,-0.11713120276775424,2.869244888971857,2.8599847929041937,0.9741444000608224,1.0877884572998096
stress181,sub-VopvKx_right,0.777,-0.2460567331820387,-0.9963975975915863,False,0.818915704300675,1.0954854058373975,2.4984760086000355,2.154697549764356,1.1506959610218053,0.8684787083105803
stress182,sub-QZTsn6_right,0.566,-0.03142638182546799,-0.24809982849448176,False,1.1739470987774498,-0.23770581202372254,2.6893120035446776,7.45641562084733,1.0072349953419637,1.0950736589429917
stress183,sub-8RgPiG_right,0.902,0.25950256035664565,0.344206934509904,False,1.1531356070038845,0.07041757525491388,1.739348062481855,1.8593508655958078,0.8906804387275695,1.1993998168857563
stress184,sub-2IhVOz_left,0.598,1.0299351171759183,1.0226848320639974,False,0.8060281407880749,1.790726114129264,1.3403405434172246,1.878333297932266,0.8862345678062926,0.8197890997505395
stress185,sub-dCsWjQ_right,1.51,-0.418309076022575,-1.0,False,0.6638112322328943,-0.5771164116631828,1.0703970445820636,3.3484973478340594,1.0587052931965828,0.8254128398155793
stress186,sub-jyC0j3_left,1.366,0.3867901466928731,-0.025306030877459307,False,2.2304785968582346,0.014944238298478574,1.344522918297223,2.3931016375877006,0.9856514980262007,0.9978050376629173
stress187,sub-FYbcap_left,0.655,0.07984274451334875,-0.20072173780950983,False,0.9084065197274143,0.948701231219081,1.5050800044298331,2.613209249552315,1.1669574782734635,0.8308718467405803
stress188,sub-iDpl28_left,1.001,0.40858270850157397,-0.6912655653775855,False,0.6290571886073983,1.3826627434271503,2.040133449265713,7.306272601888391,0.8439648884031473,0.8290645441260399
stress189,sub-VopvKx_left,0.793,-0.1958414460569952,-0.607964435895656,False,0.9672573650736421,1.2460468873524864,1.4127655878898284,1.4949796719718569,1.0529594993008256,0.8552485060869153
stress190,sub-PuPVlx_left,0.57,-0.945127463176155,-0.7413498594718129,False,0.5440858996579881,1.577319835579417,2.8341451714577266,4.934995132051919,0.917573638797609,1.167231942344566
stress191,sub-8RgPiG_left,0.578,0.5458251113059123,0.791065355621835,False,0.9996037496069837,1.127420721902566,1.332740750365413,1.8884829432130106,1.0632120249015387,1.010130440212877
stress192,sub-FIyfdR_left,0.838,-1.0,-1.0,False,0.9195688314473888,1.2637394222238214,1.3251573065021727,1.2536875760061947,1.0617446797557388,0.819902764329302
stress193,sub-0cGdk9_right,1.01,-1.0,-0.8176347811327298,False,0.6431942766560462,-0.6493710698376569,1.3415281348251031,1.4742666666442554,0.8646301180982873,0.9212628199489826
stress194,sub-dCsWjQ_right,1.488,-0.5391554768463195,-1.0,False,0.8338070939852564,1.04270113857309,1.82062381539878,2.6794006528473298,1.0324495439521355,0.8097708017395675
stress195,sub-FYbcap_left,0.607,0.291709376409279,0.008119923946393215,False,0.7633025257004766,-1.448082125248399,2.2433336404993574,6.874875785193268,1.1809808387936536,0.9541376831342784
stress196,sub-VopvKx_right,0.743,-0.30494136070140554,-1.0,False,2.7078928059349545,-1.1576306075202019,2.17103355103068,1.7421399568982954,0.8510309251337109,1.1232959796034148
stress197,sub-2IhVOz_right,0.512,0.8291474134871958,0.7185550747344226,False,1.5844190738225612,-0.9754721179550918,2.039803323004376,2.3489802024283217,0.875005032224547,1.1626317547566971
stress198,sub-gNX5yb_left,1.514,-0.9624153244583356,-1.0,False,0.5311627403523798,1.1088066118531734,2.918025590385187,2.4635993696652476,0.9968249684375607,1.0055508558566297
stress199,sub-2IhVOz_right,0.606,0.947050027895551,0.8537285410007642,False,0.5973125202665363,0.31107832597616136,2.906500203910537,2.316081442462844,0.8429228233312924,0.9765420570128842
