pid,c,s_off,s_on,g,dtz,noise,kappa,m_p2z,m_zp2
stress000,0.65,-0.0354839480839515,0.16451605191604848,3.0000000000000004,0.0,2.0,3.0,1.0,1.0
stress001,1.7,0.09005078545587583,-0.7599492145441242,0.48429019730258527,0.0,2.0,3.0,1.0,1.0
stress002,0.5,0.08382833643995002,0.08382833643995002,0.6982888503427986,0.0,2.0,3.0,1.0,1.0
stress003,0.85,-0.7,-0.7,0.6049605677851724,0.0,2.0,3.0,1.0,1.0
stress004,0.85,0.39026272526024963,-0.059737274739750434,0.3,0.0,2.0,3.0,1.0,1.0
stress005,1.45,-0.24456274125511007,-0.59456274125511,2.9632755580753094,0.0,2.0,3.0,1.0,1.0
stress006,0.7,-0.009899358531834226,-0.08489935853183422,3.0000000000000004,0.0,2.0,3.0,1.0,1.0
stress007,0.7,0.3130726217066344,0.1130726217066344,0.3,0.0,2.0,3.0,1.0,1.0
stress008,0.6,0.2078114650556691,-0.16718853494433092,3.0000000000000004,0.0,2.0,3.0,1.0,1.0
stress009,0.5,0.20168617883381673,0.12668617883381672,0.49689144432077353,0.0,2.0,3.0,1.0,1.0
stress010,0.6,0.01680241569769783,0.06680241569769785,1.1692954139818,0.0,2.0,3.0,1.0,1.0
stress011,1.15,-0.8192975515143369,-1.044297551514337,0.5822021326260799,0.0,2.0,3.0,1.0,1.0
stress012,0.5,0.5249999999999999,0.35000000000000003,0.9030053000661468,0.0,2.0,3.0,1.0,1.0
stress013,1.75,-0.37953767235281166,-1.0795376723528116,0.507492449798525,0.0,2.0,3.0,1.0,1.0
stress014,1.15,-1.083311998323793,-1.208311998323793,0.34523882116768445,0.0,2.0,3.0,1.0,1.0
stress015,0.65,-0.27499999999999997,-0.09999999999999998,3.0000000000000004,0.0,2.0,3.0,1.0,1.0
stress016,0.55,0.3,-0.04999999999999999,0.38715892310323957,0.0,2.0,3.0,1.0,1.0
stress017,0.55,-0.7682347440356401,-0.7682347440356401,2.941986881846756,0.0,2.0,3.0,1.0,1.0
stress018,1.4,-0.875,-1.3,0.36021586790397697,0.0,2.0,3.0,1.0,1.0
stress019,0.6,-0.04999999999999999,-0.22499999999999998,0.3,0.0,2.0,3.0,1.0,1.0
stress020,0.5,-0.16909371361643552,0.0059062863835644686,2.706863334793129,0.0,2.0,3.0,1.0,1.0
stress021,1.8,0.22500000000000003,-0.04999999999999999,0.698868409554787,0.0,2.0,3.0,1.0,1.0
stress022,0.55,0.3002565562223068,0.4502565562223068,1.273476111235711,0.0,2.0,3.0,1.0,1.0
stress023,1.25,-1.3,-1.0,0.7922919777367868,0.0,2.0,3.0,1.0,1.0
stress024,0.9,-0.375,-1.0,3.0000000000000004,0.0,2.0,3.0,1.0,1.0
stress025,1.4,-0.46984404847025873,-0.5698440484702587,2.939312910935462,0.0,2.0,3.0,1.0,1.0
stress026,0.75,0.07834682161163109,-0.07165317838836892,1.1475870555409928,0.0,2.0,3.0,1.0,1.0
stress027,1.25,-0.32703279219567777,-0.7770327921956777,1.5696280822941147,0.0,2.0,3.0,1.0,1.0
stress028,0.75,-0.6715949323692828,-0.6715949323692828,3.0000000000000004,0.0,2.0,3.0,1.0,1.0
stress029,1.1,0.2921666067298055,0.21716660672980553,1.6773287277971454,0.0,2.0,3.0,1.0,1.0
stress030,0.65,-0.1294140623668033,-0.1544140623668033,0.3,0.0,2.0,3.0,1.0,1.0
stress031,1.35,-0.14379224494263965,-0.16879224494263967,0.617653555284541,0.0,2.0,3.0,1.0,1.0
stress032,0.7,-0.14305667786173182,-0.5430566778617318,3.0000000000000004,0.0,2.0,3.0,1.0,1.0
stress033,0.5,-0.07499999999999998,-0.95,1.2313732334385783,0.0,2.0,3.0,1.0,1.0
stress034,1.75,0.5979320336249562,-0.5520679663750439,1.3560075546945214,0.0,2.0,3.0,1.0,1.0
stress035,1.0,-0.013318475833780874,-0.3383184758337809,0.7646472664385687,0.0,2.0,3.0,1.0,1.0
stress036,0.6,-0.175,-0.175,0.3,0.0,2.0,3.0,1.0,1.0
stress037,0.75,0.37041496879801444,0.19541496879801445,0.9116914920272325,0.0,2.0,3.0,1.0,1.0
stress038,0.7,0.20755804410699646,0.13255804410699645,0.6902509755262609,0.0,2.0,3.0,1.0,1.0
stress039,0.85,-0.6898385038242689,-0.5898385038242691,0.59005188577224,0.0,2.0,3.0,1.0,1.0
stress040,0.6,0.35000000000000003,0.27499999999999997,0.3,0.0,2.0,3.0,1.0,1.0
stress041,0.9,-0.75,-0.27499999999999997,0.5731548329242566,0.0,2.0,3.0,1.0,1.0
stress042,1.0,0.22042620053340056,0.09542620053340059,1.150104808893489,0.0,2.0,3.0,1.0,1.0
stress043,0.6,0.7799407496518886,0.9049407496518886,1.5497558652999264,0.0,2.0,3.0,1.0,1.0
stress044,0.55,0.9544930043035308,0.8044930043035307,0.6040074390327191,0.0,2.0,3.0,1.0,1.0
stress045,0.6,1.0399073517051942,0.8899073517051941,2.882530053552269,0.0,2.0,3.0,1.0,1.0
stress046,0.55,-0.27499999999999997,-1.05,3.0000000000000004,0.0,2.0,3.0,1.0,1.0
stress047,1.4,-0.725,-0.8,0.485042527254185,0.0,2.0,3.0,1.0,1.0
stress048,1.45,-1.2,-1.15,0.3,0.0,2.0,3.0,1.0,1.0
stress049,0.75,-0.002498297005175898,-0.1524982970051759,3.0000000000000004,0.0,2.0,3.0,1.0,1.0
stress050,0.55,-0.27499999999999997,-1.05,0.3,0.0,2.0,3.0,1.0,1.0
stress051,0.55,0.30140881305728845,-0.14859118694271156,0.3,0.0,2.0,3.0,1.0,1.0
stress052,0.55,-0.125,-0.19999999999999998,3.0000000000000004,0.0,2.0,3.0,1.0,1.0
stress053,0.5,-0.04566129107914019,0.0043387089208598295,3.0000000000000004,0.0,2.0,3.0,1.0,1.0
stress054,0.55,0.325,-1.05,0.7281791332945666,0.0,2.0,3.0,1.0,1.0
stress055,1.2,0.27268564094743925,-0.9023143590525607,0.4841890826579561,0.0,2.0,3.0,1.0,1.0
stress056,0.9,0.16228329693377763,0.08728329693377762,0.9842953846627274,0.0,2.0,3.0,1.0,1.0
stress057,0.65,0.07422323886763815,-0.07577676113236187,0.5807534524880926,0.0,2.0,3.0,1.0,1.0
stress058,0.9,-0.1986025366720199,-0.02360253667201989,0.34961526815289085,0.0,2.0,3.0,1.0,1.0
stress059,1.4,-0.07235259376466271,-0.24735259376466273,0.5807396488583544,0.0,2.0,3.0,1.0,1.0
stress060,0.8,-0.679849255822182,-1.004849255822182,0.9354987576465948,0.0,2.0,3.0,1.0,1.0
stress061,0.6,0.31755379213818047,0.41755379213818056,3.0000000000000004,0.0,2.0,3.0,1.0,1.0
stress062,1.6,0.12296720780432223,-0.12703279219567776,1.5696280822941147,0.0,2.0,3.0,1.0,1.0
stress063,0.5,0.025000000000000022,0.0,3.0000000000000004,0.0,2.0,3.0,1.0,1.0
stress064,1.5,-0.2641634639374788,-0.31416346393747874,2.994382268650326,0.0,2.0,3.0,1.0,1.0
stress065,0.85,-0.8130059637380596,-0.6630059637380595,0.3253109123374586,0.0,2.0,3.0,1.0,1.0
stress066,0.85,-0.07812389613899111,-0.10312389613899112,3.0000000000000004,0.0,2.0,3.0,1.0,1.0
stress067,0.7,-0.6473525937646627,-0.49735259376466273,0.5807396488583544,0.0,2.0,3.0,1.0,1.0
stress068,1.55,-0.8874795414932156,-0.9624795414932156,2.945905584284834,0.0,2.0,3.0,1.0,1.0
stress069,0.7,-0.175,-0.5,3.0000000000000004,0.0,2.0,3.0,1.0,1.0
stress070,0.75,-0.037854775190463014,-0.037854775190463014,2.9527304370604597,0.0,2.0,3.0,1.0,1.0
stress071,0.8,0.30419273265705915,-0.09580726734294083,3.0000000000000004,0.0,2.0,3.0,1.0,1.0
stress072,0.65,-0.925,-1.275,0.3,0.0,2.0,3.0,1.0,1.0
stress073,0.75,-0.25,-0.5,0.8478177570404095,0.0,2.0,3.0,1.0,1.0
stress074,1.3,-0.44739940059149874,-0.6223994005914988,2.9802186528699246,0.0,2.0,3.0,1.0,1.0
stress075,1.05,-0.7058480041451434,-0.5058480041451432,2.9432612844661734,0.0,2.0,3.0,1.0,1.0
stress076,0.8,0.16917416620636602,-0.055825833793633976,0.910783108901467,0.0,2.0,3.0,1.0,1.0
stress077,1.0,-0.875,-0.25,3.0000000000000004,0.0,2.0,3.0,1.0,1.0
stress078,0.6,-0.23108192531041608,-0.13108192531041607,0.3119343797010981,0.0,2.0,3.0,1.0,1.0
stress079,0.6,0.09385808236880325,-0.05614191763119674,1.0638543769481277,0.0,2.0,3.0,1.0,1.0
stress080,0.7,-0.8,-1.3,0.3,0.0,2.0,3.0,1.0,1.0
stress081,0.55,0.05109042038728903,0.026090420387289037,3.0000000000000004,0.0,2.0,3.0,1.0,1.0
stress082,1.7,-0.508506345245084,-0.3335063452450839,1.5833720105130191,0.0,2.0,3.0,1.0,1.0
stress083,1.65,-0.7396317034006825,-0.6646317034006824,0.4152713228449787,0.0,2.0,3.0,1.0,1.0
stress084,0.5,0.127726508433894,0.10272650843389403,3.0000000000000004,0.0,2.0,3.0,1.0,1.0
stress085,0.7,0.0985448144318995,-0.12645518556810048,0.34058375082398074,0.0,2.0,3.0,1.0,1.0
stress086,0.7,0.0033750767583606844,-0.07162492324163933,3.0000000000000004,0.0,2.0,3.0,1.0,1.0
stress087,1.2,0.14028830322046318,0.2652883032204632,3.0000000000000004,0.0,2.0,3.0,1.0,1.0
stress088,0.55,-0.15,-1.05,3.0000000000000004,0.0,2.0,3.0,1.0,1.0
stress089,0.6,-0.15,-0.125,0.3,0.0,2.0,3.0,1.0,1.0
stress090,1.05,-0.12948174882366953,-0.9044817488236695,3.0000000000000004,0.0,2.0,3.0,1.0,1.0
stress091,0.6,0.576976325755373,0.3519763257553731,1.483512284523723,0.0,2.0,3.0,1.0,1.0
stress092,0.95,-0.32500464052541644,-0.12500464052541646,2.914184085852472,0.0,2.0,3.0,1.0,1.0
stress093,1.35,-0.38906231577094486,-0.7140623157709448,1.049331741719959,0.0,2.0,3.0,1.0,1.0
stress094,1.0,-0.16670455823165548,-0.16670455823165548,0.6208901522932309,0.0,2.0,3.0,1.0,1.0
stress095,1.5,-0.6411821580233488,-1.1411821580233488,0.6023297339375233,0.0,2.0,3.0,1.0,1.0
stress096,1.45,0.14101816039710616,0.19101816039710615,3.0000000000000004,0.0,2.0,3.0,1.0,1.0
stress097,1.1,-0.19999999999999998,-0.22499999999999998,0.3,0.0,2.0,3.0,1.0,1.0
stress098,0.5,-0.05338092848072462,-0.8783809284807247,0.694874992090462,0.0,2.0,3.0,1.0,1.0
stress099,1.7,-0.75,-1.225,3.0000000000000004,0.0,2.0,3.0,1.0,1.0
stress100,0.85,0.3851649380034052,-0.06483506199659483,3.0000000000000004,0.0,2.0,3.0,1.0,1.0
stress101,0.55,-0.27499999999999997,-1.05,0.3,0.0,2.0,3.0,1.0,1.0
stress102,1.45,-0.525,-1.0,0.89089060924845,0.0,2.0,3.0,1.0,1.0
stress103,0.5,-0.08838961540404211,-0.1633896154040421,0.300507840239946,0.0,2.0,3.0,1.0,1.0
stress104,0.65,0.21695033697553023,-0.008049663024469758,2.1704430640135857,0.0,2.0,3.0,1.0,1.0
stress105,0.95,-0.8220800888895273,-0.8720800888895273,0.771012822751937,0.0,2.0,3.0,1.0,1.0
stress106,0.65,0.10000000000000003,0.0,0.9956763127950123,0.0,2.0,3.0,1.0,1.0
stress107,0.6,-0.24122927616805276,-0.24122927616805276,3.0000000000000004,0.0,2.0,3.0,1.0,1.0
stress108,1.5,-0.7873436877753929,-1.187343687775393,0.34862809108306103,0.0,2.0,3.0,1.0,1.0
stress109,1.75,-0.12068483245605871,-1.0706848324560587,1.83228255586661,0.0,2.0,3.0,1.0,1.0
stress110,0.9,-0.5647029342372999,-0.36470293423729994,0.618095192765689,0.0,2.0,3.0,1.0,1.0
stress111,1.65,-0.2746933311788476,-0.2246933311788476,3.0000000000000004,0.0,2.0,3.0,1.0,1.0
stress112,1.4,-0.75,-0.725,0.5783869245895568,0.0,2.0,3.0,1.0,1.0
stress113,0.8,0.20618821674951146,0.08118821674951143,0.5596209593121284,0.0,2.0,3.0,1.0,1.0
stress114,1.55,-0.431984082287006,-0.881984082287006,0.5666849757722262,0.0,2.0,3.0,1.0,1.0
stress115,0.85,0.3772818478110282,-0.5977181521889718,1.3007227975745888,0.0,2.0,3.0,1.0,1.0
stress116,0.65,-0.17235259376466272,-0.09735259376466271,0.5807396488583544,0.0,2.0,3.0,1.0,1.0
stress117,0.9,0.285102565080223,0.260102565080223,3.0000000000000004,0.0,2.0,3.0,1.0,1.0
stress118,0.8,0.0897131186863373,-0.2852868813136627,0.8215925353237746,0.0,2.0,3.0,1.0,1.0
stress119,1.4,-0.6207322974068306,-0.2707322974068305,0.6010153513960177,0.0,2.0,3.0,1.0,1.0
stress120,0.55,0.923305708924964,0.798305708924964,2.595112715719763,0.0,2.0,3.0,1.0,1.0
stress121,0.75,-0.5118510177228274,-1.2868510177228274,3.0000000000000004,0.0,2.0,3.0,1.0,1.0
stress122,0.6,0.0680843825105994,-0.10691561748940061,1.0935983672281309,0.0,2.0,3.0,1.0,1.0
stress123,0.65,-0.06982019262025022,-0.16982019262025022,0.3,0.0,2.0,3.0,1.0,1.0
stress124,1.5,0.12378490425290489,0.048784904252904895,3.0000000000000004,0.0,2.0,3.0,1.0,1.0
stress125,1.15,0.5125162489416024,0.38751624894160236,1.7929585330521551,0.0,2.0,3.0,1.0,1.0
stress126,0.85,-0.20203279219567777,-0.25203279219567776,1.5696280822941147,0.0,2.0,3.0,1.0,1.0
stress127,1.75,-0.6716576521569342,-0.8716576521569344,0.8730470448637355,0.0,2.0,3.0,1.0,1.0
stress128,0.7,-0.6499999999999999,-1.3,0.6598661700631403,0.0,2.0,3.0,1.0,1.0
stress129,1.25,-0.549615888902778,-0.6496158889027781,2.0843694468664586,0.0,2.0,3.0,1.0,1.0
stress130,1.35,-0.07185302376547856,-0.17185302376547856,1.4529124291609647,0.0,2.0,3.0,1.0,1.0
stress131,0.9,0.7139641370341321,0.13896413703413202,0.67317126223062,0.0,2.0,3.0,1.0,1.0
stress132,1.75,0.3502699631624901,-0.8997300368375099,0.6053517228242639,0.0,2.0,3.0,1.0,1.0
stress133,1.2,0.5586520354581336,0.5836520354581336,2.16254251124959,0.0,2.0,3.0,1.0,1.0
stress134,0.85,-0.695728868265617,-0.920728868265617,0.4736857947991736,0.0,2.0,3.0,1.0,1.0
stress135,0.65,0.3,-0.175,0.3,0.0,2.0,3.0,1.0,1.0
stress136,0.6,0.12551841210237175,-0.2744815878976282,3.0000000000000004,0.0,2.0,3.0,1.0,1.0
stress137,0.55,-0.19999999999999998,-0.22499999999999998,0.3,0.0,2.0,3.0,1.0,1.0
stress138,0.5,0.7,0.9750000000000001,3.0000000000000004,0.0,2.0,3.0,1.0,1.0
stress139,0.5,0.6379376859617226,-0.18706231403827744,1.5346138077432734,0.0,2.0,3.0,1.0,1.0
stress140,1.35,-0.19058296980774092,-1.015582969807741,1.1935726103924724,0.0,2.0,3.0,1.0,1.0
stress141,0.7,0.125,0.10000000000000003,0.5790909456322847,0.0,2.0,3.0,1.0,1.0
stress142,1.15,0.3015392722859609,0.4015392722859609,0.6068971114948261,0.0,2.0,3.0,1.0,1.0
stress143,0.95,0.46042878350833505,0.010428783508335052,0.7620356848711096,0.0,2.0,3.0,1.0,1.0
stress144,1.0,-0.27499999999999997,-0.27499999999999997,0.3,0.0,2.0,3.0,1.0,1.0
stress145,0.8,0.15476939121184544,0.22976939121184542,0.3,0.0,2.0,3.0,1.0,1.0
stress146,0.6,-0.42416703807615114,-1.174167038076151,1.2264917334638226,0.0,2.0,3.0,1.0,1.0
stress147,0.95,-0.7208961095270697,-0.9208961095270697,1.1361622550316606,0.0,2.0,3.0,1.0,1.0
stress148,1.05,-1.0723525937646627,-0.9223525937646627,0.5807396488583544,0.0,2.0,3.0,1.0,1.0
stress149,1.8,0.5156525695040454,0.14065256950404537,0.3,0.0,2.0,3.0,1.0,1.0
stress150,0.7,-0.44528157488723263,-0.4952815748872327,2.9951192753981637,0.0,2.0,3.0,1.0,1.0
stress151,1.3,0.02891408871055271,0.07891408871055271,3.0000000000000004,0.0,2.0,3.0,1.0,1.0
stress152,1.4,-0.25864650684654283,-0.35864650684654287,1.6099153765822056,0.0,2.0,3.0,1.0,1.0
stress153,0.5,-0.125,-0.95,0.3,0.0,2.0,3.0,1.0,1.0
stress154,1.3,0.2830674462131595,0.08306744621315948,3.0000000000000004,0.0,2.0,3.0,1.0,1.0
stress155,0.85,0.13005373831276545,0.08005373831276544,0.560401372634359,0.0,2.0,3.0,1.0,1.0
stress156,0.6,0.3406707987218276,0.5906707987218276,0.8740069840678292,0.0,2.0,3.0,1.0,1.0
stress157,1.65,-0.8081082249907456,-0.7581082249907456,0.31782272700857456,0.0,2.0,3.0,1.0,1.0
stress158,0.55,-0.19999999999999998,-0.22499999999999998,0.3,0.0,2.0,3.0,1.0,1.0
stress159,0.95,-0.939342695191173,-0.789342695191173,0.3504499975559071,0.0,2.0,3.0,1.0,1.0
stress160,0.55,0.774263038306858,-0.0007369616931419687,0.8962433176048179,0.0,2.0,3.0,1.0,1.0
stress161,0.55,-0.13937613908655824,-0.16437613908655824,1.3216114248476154,0.0,2.0,3.0,1.0,1.0
stress162,1.4,-0.13400015148060834,-0.8590001514806084,2.6399075393024,0.0,2.0,3.0,1.0,1.0
stress163,0.7,0.24247534012595218,0.4424753401259522,3.0000000000000004,0.0,2.0,3.0,1.0,1.0
stress164,1.25,-0.36889249868669344,0.05610750131330654,2.976436654694419,0.0,2.0,3.0,1.0,1.0
stress165,0.85,-0.18937383958475731,-0.08937383958475731,3.0000000000000004,0.0,2.0,3.0,1.0,1.0
stress166,1.4,-0.5674164881078041,-0.4424164881078041,3.0000000000000004,0.0,2.0,3.0,1.0,1.0
stress167,0.9,-0.11067457949115986,0.014325420508840142,3.0000000000000004,0.0,2.0,3.0,1.0,1.0
stress168,1.0,-0.6941326324932287,-0.7441326324932286,2.7545299120786924,0.0,2.0,3.0,1.0,1.0
stress169,0.7,-0.0511905255047653,-0.026190525504765305,0.3,0.0,2.0,3.0,1.0,1.0
stress170,1.0,0.40857803584360086,0.3835780358436009,3.0000000000000004,0.0,2.0,3.0,1.0,1.0
stress171,0.65,0.20515595152974128,0.13015595152974127,2.939312910935462,0.0,2.0,3.0,1.0,1.0
stress172,0.6,-0.2527593796195115,-0.15275937961951153,2.84115050245644,0.0,2.0,3.0,1.0,1.0
stress173,0.7,0.3051559515297413,-0.21984404847025873,2.939312910935462,0.0,2.0,3.0,1.0,1.0
stress174,0.85,-0.13598672121444244,-0.11098672121444243,1.1901552123188308,0.0,2.0,3.0,1.0,1.0
stress175,1.3,-0.36705341907366074,-0.49205341907366074,2.7790963236910082,0.0,2.0,3.0,1.0,1.0
stress176,0.5,0.635693435515238,0.735693435515238,0.34158848032456357,0.0,2.0,3.0,1.0,1.0
stress177,1.65,-0.45203279219567777,-0.5520327921956778,1.5696280822941147,0.0,2.0,3.0,1.0,1.0
stress178,0.7,-0.22499999999999998,-0.675,0.3868062043779343,0.0,2.0,3.0,1.0,1.0
stress179,1.5,-0.34862485550280525,-0.34862485550280525,0.408964856288788,0.0,2.0,3.0,1.0,1.0
stress180,0.75,0.12864473436810997,-0.17135526563189002,3.0000000000000004,0.0,2.0,3.0,1.0,1.0
stress181,0.7,-0.08931688088322173,-0.4143168808832217,3.0000000000000004,0.0,2.0,3.0,1.0,1.0
stress182,1.45,-0.7715556270625674,-0.8715556270625675,3.0000000000000004,0.0,2.0,3.0,1.0,1.0
stress183,0.9,0.3564881130499903,0.3564881130499903,3.0000000000000004,0.0,2.0,3.0,1.0,1.0
stress184,0.6,1.0617799391683715,1.0367799391683716,0.567070669975189,0.0,2.0,3.0,1.0,1.0
stress185,1.45,-0.9750000000000001,-1.2,0.3,0.0,2.0,3.0,1.0,1.0
stress186,1.4,0.45353412566963786,0.10353412566963786,3.0000000000000004,0.0,2.0,3.0,1.0,1.0
stress187,0.65,0.14491182901707347,-0.005088170982926535,1.245396821351132,0.0,2.0,3.0,1.0,1.0
stress188,1.0,0.21523082200414936,-0.6847691779958507,0.3,0.0,2.0,3.0,1.0,1.0
stress189,0.7,-0.004135352141453552,-0.10413535214145356,2.4731586595733144,0.0,2.0,3.0,1.0,1.0
stress190,1.35,-0.6453802006636604,-0.44538020066366035,0.878047819833895,0.0,2.0,3.0,1.0,1.0
stress191,0.6,0.35912857485252325,0.6091285748525233,0.5737398780788314,0.0,2.0,3.0,1.0,1.0
stress192,0.85,-0.413583061672837,-0.21358306167283694,2.851230735619816,0.0,2.0,3.0,1.0,1.0
stress193,1.05,-0.8528456894503249,-0.8278456894503249,1.4814296600093941,0.0,2.0,3.0,1.0,1.0
stress194,1.5,-0.3214068273287906,-0.8964068273287906,2.1953437218117378,0.0,2.0,3.0,1.0,1.0
stress195,0.55,0.11873373703883622,-0.0562662629611638,0.9232093735186572,0.0,2.0,3.0,1.0,1.0
stress196,0.75,-0.6499999999999999,-1.3,1.401634552030358,0.0,2.0,3.0,1.0,1.0
stress197,0.5,0.8634818831983069,0.6384818831983069,1.2878492319807373,0.0,2.0,3.0,1.0,1.0
stress198,1.35,-0.875,-0.725,3.0000000000000004,0.0,2.0,3.0,1.0,1.0
stress199,0.6,1.0182981212167708,0.8682981212167709,0.3,0.0,2.0,3.0,1.0,1.0
