pid,c,s_off,s_on
stress000,0.65,0.15,0.35
stress001,1.7,0.175,-0.675
stress002,0.5,0.325,0.325
stress003,0.85,-0.4,-0.4
stress004,0.85,0.55,0.1
stress005,1.45,0.0,-0.35
stress006,0.7,0.075,0.0
stress007,0.7,0.425,0.225
stress008,0.6,0.4,0.025
stress009,0.5,0.4,0.325
stress010,0.6,0.15,0.2
stress011,1.15,-0.525,-0.75
stress012,0.5,0.825,0.65
stress013,1.75,-0.3,-1.0
stress014,1.15,-0.875,-1.0
stress015,0.65,0.025,0.2
stress016,0.55,0.6,0.25
stress017,0.55,-0.75,-0.75
stress018,1.4,-0.575,-1.0
stress019,0.6,0.25,0.075
stress020,0.5,0.0,0.175
stress021,1.8,0.525,0.25
stress022,0.55,0.35,0.5
stress023,1.25,-1.0,-0.7
stress024,0.9,-0.075,-0.7
stress025,1.4,-0.45,-0.55
stress026,0.75,0.2,0.05
stress027,1.25,-0.375,-0.825
stress028,0.75,-0.475,-0.475
stress029,1.1,0.35,0.275
stress030,0.65,0.05,0.025
stress031,1.35,0.075,0.05
stress032,0.7,0.075,-0.325
stress033,0.5,0.225,-0.65
stress034,1.75,0.725,-0.425
stress035,1.0,0.0,-0.325
stress036,0.6,0.125,0.125
stress037,0.75,0.35,0.175
stress038,0.7,0.25,0.175
stress039,0.85,-0.475,-0.375
stress040,0.6,0.65,0.575
stress041,0.9,-0.45,0.025
stress042,1.0,0.35,0.225
stress043,0.6,0.95,1.075
stress044,0.55,1.1,0.95
stress045,0.6,1.0,0.85
stress046,0.55,0.025,-0.75
stress047,1.4,-0.425,-0.5
stress048,1.45,-0.9,-0.85
stress049,0.75,0.175,0.025
stress050,0.55,0.025,-0.75
stress051,0.55,0.525,0.075
stress052,0.55,0.175,0.1
stress053,0.5,0.175,0.225
stress054,0.55,0.625,-0.75
stress055,1.2,0.2,-0.975
stress056,0.9,0.275,0.2
stress057,0.65,0.275,0.125
stress058,0.9,0.025,0.2
stress059,1.4,0.225,0.05
stress060,0.8,-0.675,-1.0
stress061,0.6,0.575,0.675
stress062,1.6,0.075,-0.175
stress063,0.5,0.325,0.3
stress064,1.5,-0.125,-0.175
stress065,0.85,-0.925,-0.775
stress066,0.85,0.05,0.025
stress067,0.7,-0.35,-0.2
stress068,1.55,-0.875,-0.95
stress069,0.7,0.125,-0.2
stress070,0.75,0.15,0.15
stress071,0.8,0.35,-0.05
stress072,0.65,-0.625,-0.975
stress073,0.75,0.05,-0.2
stress074,1.3,-0.425,-0.6
stress075,1.05,-0.675,-0.475
stress076,0.8,0.25,0.025
stress077,1.0,-0.575,0.05
stress078,0.6,-0.1,0.0
stress079,0.6,0.175,0.025
stress080,0.7,-0.5,-1.0
stress081,0.55,0.225,0.2
stress082,1.7,-0.55,-0.375
stress083,1.65,-0.55,-0.475
stress084,0.5,0.35,0.325
stress085,0.7,0.3,0.075
stress086,0.7,0.1,0.025
stress087,1.2,0.15,0.275
stress088,0.55,0.15,-0.75
stress089,0.6,0.15,0.175
stress090,1.05,0.075,-0.7
stress091,0.6,0.625,0.4
stress092,0.95,-0.35,-0.15
stress093,1.35,-0.3,-0.625
stress094,1.0,0.125,0.125
stress095,1.5,-0.35,-0.85
stress096,1.45,0.1,0.15
stress097,1.1,0.1,0.075
stress098,0.5,0.175,-0.65
stress099,1.7,-0.45,-0.925
stress100,0.85,0.45,0.0
stress101,0.55,0.025,-0.75
stress102,1.45,-0.225,-0.7
stress103,0.5,0.175,0.1
stress104,0.65,0.3,0.075
stress105,0.95,-0.55,-0.6
stress106,0.65,0.4,0.3
stress107,0.6,0.025,0.025
stress108,1.5,-0.525,-0.925
stress109,1.75,0.175,-0.775
stress110,0.9,-0.4,-0.2
stress111,1.65,-0.25,-0.2
stress112,1.4,-0.45,-0.425
stress113,0.8,0.275,0.15
stress114,1.55,-0.15,-0.6
stress115,0.85,0.425,-0.55
stress116,0.65,0.125,0.2
stress117,0.9,0.325,0.3
stress118,0.8,0.225,-0.15
stress119,1.4,-0.35,0.0
stress120,0.55,0.95,0.825
stress121,0.75,-0.225,-1.0
stress122,0.6,0.25,0.075
stress123,0.65,0.15,0.05
stress124,1.5,0.125,0.05
stress125,1.15,0.45,0.325
stress126,0.85,-0.25,-0.3
stress127,1.75,-0.6,-0.8
stress128,0.7,-0.35,-1.0
stress129,1.25,-0.25,-0.35
stress130,1.35,0.225,0.125
stress131,0.9,0.65,0.075
stress132,1.75,0.375,-0.875
stress133,1.2,0.6,0.625
stress134,0.85,-0.45,-0.675
stress135,0.65,0.6,0.125
stress136,0.6,0.3,-0.1
stress137,0.55,0.1,0.075
stress138,0.5,0.4,0.675
stress139,0.5,0.8,-0.025
stress140,1.35,-0.175,-1.0
stress141,0.7,0.425,0.4
stress142,1.15,0.45,0.55
stress143,0.95,0.525,0.075
stress144,1.0,0.025,0.025
stress145,0.8,0.225,0.3
stress146,0.6,-0.125,-0.875
stress147,0.95,-0.55,-0.75
stress148,1.05,-0.775,-0.625
stress149,1.8,0.65,0.275
stress150,0.7,-0.175,-0.225
stress151,1.3,0.025,0.075
stress152,1.4,-0.3,-0.4
stress153,0.5,0.175,-0.65
stress154,1.3,0.325,0.125
stress155,0.85,0.2,0.15
stress156,0.6,0.5,0.75
stress157,1.65,-0.775,-0.725
stress158,0.55,0.1,0.075
stress159,0.95,-0.65,-0.5
stress160,0.55,0.975,0.2
stress161,0.55,0.025,0.0
stress162,1.4,0.075,-0.65
stress163,0.7,0.325,0.525
stress164,1.25,-0.35,0.075
stress165,0.85,0.025,0.125
stress166,1.4,-0.55,-0.425
stress167,0.9,0.025,0.15
stress168,1.0,-0.675,-0.725
stress169,0.7,0.15,0.175
stress170,1.0,0.425,0.4
stress171,0.65,0.225,0.15
stress172,0.6,-0.025,0.075
stress173,0.7,0.325,-0.2
stress174,0.85,0.05,0.075
stress175,1.3,-0.35,-0.475
stress176,0.5,0.775,0.875
stress177,1.65,-0.5,-0.6
stress178,0.7,0.075,-0.375
stress179,1.5,-0.425,-0.425
stress180,0.75,0.25,-0.05
stress181,0.7,0.15,-0.175
stress182,1.45,-0.625,-0.725
stress183,0.9,0.425,0.425
stress184,0.6,1.075,1.05
stress185,1.45,-0.675,-0.9
stress186,1.4,0.425,0.075
stress187,0.65,0.225,0.075
stress188,1.0,0.225,-0.675
stress189,0.7,0.125,0.025
stress190,1.35,-0.35,-0.15
stress191,0.6,0.65,0.9
stress192,0.85,-0.2,0.0
stress193,1.05,-0.725,-0.7
stress194,1.5,-0.275,-0.85
stress195,0.55,0.325,0.15
stress196,0.75,-0.35,-1.0
stress197,0.5,0.975,0.75
stress198,1.35,-0.575,-0.425
stress199,0.6,1.025,0.875
