pid,s_off,threshold,ramp,B_single,U_single,B_none,B_continuous,peak_envelope
dev017,-0.6,0.6,40.0,1.0164226870896202,0.48576106666666474,0.7822307790629671,0.11084532207139401,4.139893496817824
dev017,-0.6,0.6,10.0,0.3556709124239267,0.43939766666666347,0.7460607079117854,0.10487113279108617,1.581897224477963
dev017,-0.6,0.6,3.0,0.22064101690045557,0.3845123219999937,0.769178536357891,0.10689365868907925,0.5905978198469806
dev017,-0.6,0.6,1.0,0.12965334449787255,0.459206791333343,0.7580601115762232,0.10542433222558854,0.21839601544685447
dev017,-0.6,1.0,40.0,1.8861929713258776,0.4779701333333282,0.7692906258598758,0.10703835374323716,4.440987972260632
dev017,-0.6,1.0,10.0,0.7007168025148031,0.0975604999999992,0.7537205588111838,0.1058754935872093,1.6446165241366155
dev017,-0.6,1.0,3.0,0.6605669921413767,0.007855817999999794,0.7533666036775868,0.10626143916945473,1.0339418322058422
dev017,-0.6,1.0,1.0,0.7047945657073781,0.0020321863333333766,0.7695412218028999,0.10786049693171479,1.3470238840296296
dev021,0.175,0.6,40.0,2.188834486381742,0.4860287999999994,0.7955216056887903,0.08319833068730975,8.15873111300297
dev021,0.175,0.6,10.0,0.8031187215893814,0.48774196666666747,0.7990019664335928,0.08374058910232812,2.200999504856224
dev021,0.175,0.6,3.0,0.39368002656268253,0.3133670419999896,0.828424213113025,0.08618015940784761,1.1121528852321958
dev021,0.175,0.6,1.0,0.43450570303966685,0.05421040533333392,0.7972363074465443,0.08291751768911236,0.8139262475309935
dev021,0.175,1.0,40.0,2.917472773444529,0.48431679999999766,0.8223833680050031,0.08563840118858204,8.346455561858791
dev021,0.175,1.0,10.0,1.1694856180306439,0.48292913333333765,0.7978016602791831,0.08228872756186081,2.500039733709663
dev021,0.175,1.0,3.0,0.7462433385684104,0.014978195999998103,0.7992672962097689,0.08265054585269903,1.2923152220531209
dev021,0.175,1.0,1.0,0.7747639817724347,0.001964818666666715,0.8216026705492607,0.08529401042380225,1.339342207981918
dev033,0.525,0.6,40.0,4.447612473930412,0.478085333333326,2.714464146147663,0.24648410767713455,10.255488454871552
dev033,0.525,0.6,10.0,1.8293239779964467,0.1997174999999983,2.6575734167165646,0.23883878921097035,4.600147333698914
dev033,0.525,0.6,3.0,1.809273272785279,0.0423492240000014,2.7656898340594576,0.24597592910296825,4.1131756774545
dev033,0.525,0.6,1.0,1.7493734192565564,0.03344309466666794,2.7382875455185482,0.24997871808236327,3.8471707995600837
dev033,0.525,1.0,40.0,5.743077804323295,0.46796906666665516,2.6787873953867174,0.24338265795201508,11.193715199633576
dev033,0.525,1.0,10.0,2.5478500229985435,0.0218768666666666,2.5549974496237158,0.24076394439840879,4.729280509181454
dev033,0.525,1.0,3.0,2.5812182051716976,0.003206399999999954,2.731771186647687,0.2573529064561362,4.501443107023309
dev033,0.525,1.0,1.0,2.520994582509999,0.001973535000000069,2.6809537906193697,0.23999377262058094,4.578083002550721
