pid,f_peak,b_cal,peak_db_off,peak_db_on,b_true_off,r0,r1,r2
synth000,27.0,0.009282741499531151,9.267257201741002,11.965250113855536,0.01700781555487057,0.7470110570157857,0.5300064945455791,0.31612750478181095
synth001,31.5,0.00454631580727966,4.125875332731983,2.1139914242550617,0.011009664436445256,0.6266983180063923,0.4972427357339512,0.4479735246387017
synth002,19.0,0.014536902219656846,6.18570522125121,3.108790041599603,0.01642289852299634,0.6807692579378429,0.6063934910182214,0.5980796952461628
synth003,26.5,0.00730479860213866,7.77205280786788,5.3714512571505235,0.015315586282184747,0.7304640555348345,0.40042343851919143,0.33143747192481576
synth004,22.5,0.005770034995465257,3.9205793796156385,3.559560342361392,0.009279660255970544,0.6425999758114427,0.5663454540784352,0.5368722521246487
synth005,19.0,0.006893008937150238,3.7993820871058226,3.3020626382348173,0.008086302343585464,0.6866318491780851,0.5884213068750588,0.5966389783303131
synth006,25.5,0.0064936799067506195,7.080739025272456,7.475563480650234,0.012575322158222173,0.5115662202201795,0.3257996525160684,0.29998067659006705
synth007,31.5,0.004872871322496614,0.592557245439469,1.6578178966097301,0.004970692311475969,1.002275758821622,0.9371570905924709,1.0117047415230866
synth008,15.0,0.020313087452856093,5.147135443444517,3.9834070704237856,0.017430191950821426,0.759416672861066,0.596488816193509,0.5538261470164859
synth009,25.5,0.004642647709858564,4.783535905407508,4.552896626151499,0.008859550990851185,0.7024734181666143,0.5755484704373225,0.5965843652927078
synth010,26.5,0.0063589978935465405,5.624034854814317,4.198348649030619,0.013583261166411186,0.9163771161876942,0.6216934689697869,0.48171316519246077
synth011,20.5,0.01285796778838122,5.520878947427317,7.426349427782055,0.016246499772690305,0.6795659904003233,0.5931101124922543,0.5247080434958952
synth012,20.0,0.017136209607752396,8.40842099865732,6.920748075496599,0.021963225163791116,0.6344738650169136,0.49019045960799257,0.3707323892016048
synth013,19.5,0.007728547411538167,2.801256124509921,4.1525864674367075,0.008227969015495624,0.7522216992894567,0.7215284557535053,0.7717016737332961
synth014,25.0,0.005668014796600479,5.795867699960828,4.154117081784463,0.01027872166036934,0.7313707127001725,0.49629119406593325,0.4322422308735795
synth015,24.5,0.005150647447992909,3.717949255645152,4.5829148839219425,0.008845149269734507,0.58068355926215,0.5347337107000862,0.507007294705532
synth016,29.5,0.0047575111246862326,3.9247105199893806,3.371256125092641,0.011197585419093355,0.6353873240310899,0.503373007302097,0.48201691108008354
synth017,27.5,0.011910811037480476,7.3848329928530365,8.256854274979677,0.023469723117262756,0.8272643599934203,0.5727530173208104,0.33852834238691193
synth018,12.5,0.01777810294584603,8.564342401279204,2.5916647935919546,0.0148669862871085,0.6227164828089156,0.3813759374715693,0.3359417271721466
synth019,13.0,0.009498552253506345,1.5741055132914905,1.4247055888367566,0.0064589252687624445,0.7861615406991735,0.7111967550310456,0.7648213255111579
synth020,29.5,0.06302259288343531,14.643716519384151,15.09091914690158,0.07241928529438094,1.523496629760901,4.076566678721004,0.7784158189802461
synth021,24.5,0.0045722124650678965,5.069955295446089,3.3402717508180935,0.008202360218954246,0.6915490531679219,0.5609716542399822,0.4883066364651842
synth022,22.0,0.008003378466678068,1.916919720174759,2.4649107758487965,0.005991144168863621,0.8759515821844406,0.8425245640238748,0.8088576692037865
synth023,12.0,0.0078241685927897,3.8892199495272806,3.4199339563624687,0.005717030439228099,0.6260626594183691,0.570336107832855,0.49341626440361724
synth024,28.0,0.0057725541472639415,4.537644714564939,2.98977621353977,0.012434269415548744,0.8343171649416444,0.6568996990052626,0.566949380540079
synth025,26.0,0.005158105294885839,7.430392087379918,5.366311793397696,0.010031232139232729,0.6021041012910803,0.3929990052257013,0.3484112052414456
synth026,23.5,0.005532409794767124,4.241872107131437,3.112700439235665,0.00872639015181117,0.6927756411752115,0.5589607570311405,0.5365337270123165
synth027,32.5,0.02158129687304004,9.849411518536701,6.059844820157689,0.04345470323192083,1.1451673862912828,1.0677001240156732,0.8200644377257352
synth028,29.0,0.08479915334713374,16.4129282309855,11.274812860584639,0.09849076856138332,2.7619292660676438,0.982836558915716,0.46296711167881077
synth029,15.0,0.008982248483191778,4.499926717838019,6.184370370887962,0.009786103120240358,0.6762444343449534,0.445581211177453,0.38868558525291164
synth030,26.5,0.004319168882632246,3.7289591074908923,3.1736840921971243,0.008164715492174979,0.7672387030097662,0.6223437890246274,0.6545961182505043
synth031,15.0,0.013392166605808909,4.972306514491285,1.8538219936913958,0.0114809542545645,0.7274644640722748,0.6232750522287335,0.5770753776222362
synth032,29.5,0.008975829302308027,8.341315357705117,7.535640772663967,0.018207403837132832,0.5864757445788119,0.3358918101383404,0.22234867788627116
synth033,27.5,0.04024388893387168,14.287480837952264,14.389263412811646,0.0492267642383707,0.8727428628414278,0.3977028276268984,0.043675902272687604
synth034,12.0,0.014828835385932469,4.416532376621687,1.7937957566451335,0.01109242506319951,0.6138047264917296,0.483038433276073,0.4317759140810185
synth035,12.0,0.0061666930239046135,2.2330057941015635,2.989291017602538,0.0038285006747761853,0.7786996560797825,0.6377561965332531,0.6735394008696711
synth036,24.5,0.010180357188071996,6.3474381303123995,3.002331233438298,0.015791032661686622,0.6857198569926529,0.5099324699448635,0.4421776694746862
synth037,15.0,0.019750618504078964,5.463345494834222,2.368590021032322,0.017526936583415503,0.6180267334742922,0.5186634261637991,0.46441352547128656
synth038,27.5,0.010216384165514594,8.661478179393916,5.769629649434469,0.01951239068862597,0.5853781156378822,0.34936107153434626,0.24283876511607363
synth039,25.0,0.021095873611904556,12.235440945872407,4.685759601541468,0.03177795893467681,0.7086605229223008,0.326567706117984,0.15790396841420118
synth040,24.5,0.006762215763586437,7.21125707290982,8.15615621188897,0.012123901419832836,0.612069162833858,0.4687775413053773,0.3895117675382766
synth041,28.5,0.08292073049576994,15.637122165292809,11.747480011021864,0.09313883929991015,2.6680384562614843,0.6500540657411249,0.06204184208884074
synth042,26.5,0.00834475792725901,9.054174865986901,7.831729495302895,0.014593175098379752,0.7254805464477851,0.4334852325451604,0.34170367200060336
synth043,28.5,0.010504556159526795,9.102021132006382,12.084516878511877,0.01830911267161262,0.7758594842904889,0.4820587105075792,0.31942100183187805
synth044,30.5,0.003233555089474176,2.7819298689568406,2.930535475444538,0.008380322310090881,0.811792775658024,0.7261284393117657,0.6965422840243857
synth045,20.5,0.00759218873225391,2.8746069128126717,3.372079306606004,0.008733585885956775,0.6865989168211943,0.639945919114233,0.7041043848278543
synth046,24.0,0.007648477025275539,4.5302890146616015,6.737718085984321,0.01156863515697368,0.7904142046715326,0.6792012407298613,0.6090752071072273
synth047,12.5,0.01140475896597877,2.161058135783893,1.3617825753289203,0.006052739258436318,0.7835225657805163,0.7469668685309059,0.7891043640492427
synth048,16.0,0.02055463334566588,6.714012635688258,2.127873771659301,0.020338628590596305,0.6082503345796763,0.5084938899930368,0.4047656726732843
synth049,27.0,0.00497710732537982,5.923650156997118,3.7503412463321517,0.009747699346418595,0.6731277099478604,0.5365793577565662,0.4607053649730143
synth050,29.0,0.03401416551368802,12.2029520305199,11.266533384536341,0.04568994199583415,0.9771239966899191,0.8289395670319225,0.5787248467719974
synth051,26.5,0.011460283671213801,10.108748664137934,6.100920262338949,0.01956496961059194,0.5141559806570639,0.3004869949726656,0.18511038141039304
synth052,26.0,0.008649945231139707,7.3123767490168134,5.631084859825073,0.015380641608485932,0.45570968718170124,0.3371920637027437,0.3254372030806976
synth053,17.0,0.008213063288279449,1.2756455619666252,1.1782012690521437,0.004456708729585254,1.1104174193132956,1.0337835689428183,1.0644568980839537
synth054,21.5,0.004240936476488504,1.5229163825706138,2.3309664633446214,0.004320753346366991,0.8932344256965525,0.9342548251910464,0.856650797086153
synth055,24.0,0.005276197448319956,2.760125679439751,1.8135697478929291,0.0073090036833627645,0.8077766529374043,0.7078636385851758,0.7526223505651144
synth056,20.0,0.00401879534665635,1.716763508923984,2.212137586584788,0.0033947463300558344,0.808064261072558,0.8917961248853749,0.8498456929760855
synth057,21.5,0.010821638388472431,6.095402102342744,5.5081243871297225,0.013333109426777102,0.6805569005611283,0.571080121649972,0.5054309253830254
synth058,15.5,0.0070436374058569454,3.199999034697809,1.2799786349820508,0.005335937211646524,0.8381232251147899,0.6949978269780536,0.7440922921670939
synth059,12.0,0.007305680985318043,2.9947860156122985,3.370472630630088,0.005359652154443902,0.6385979268568456,0.5391745954648345,0.5150869664161498
synth060,17.5,0.006864104856697962,1.3881530929931163,2.994198854031831,0.004193892686757071,0.9438364009357749,0.9899412771768747,0.9273447645233683
synth061,19.5,0.015026093355453608,10.740736867723681,10.553393928735577,0.018418874470489174,0.7080797469565911,0.34907535953728197,0.283029465053395
synth062,12.0,0.008346895972998326,2.790013961068505,2.5187304984866543,0.005327551308598749,0.7328750693762213,0.7045552462082096,0.706288313673164
synth063,15.5,0.009690047499501246,2.4744621120670818,1.9555506521610333,0.008995249116000694,0.7487099676863075,0.6434072879172109,0.5999272405076644
synth064,24.0,0.004320896180728614,5.434285280088096,4.029337806276914,0.007510581039444352,0.5580457340484315,0.43872480850960033,0.4287875192554456
synth065,23.0,0.00681016765629022,3.5860877053009244,1.843337446085549,0.00909878783645156,0.8340050017607882,0.7400931731337659,0.7427235102339913
synth066,26.0,0.006253538007805535,6.22869837080958,3.350265555735499,0.01091328741192376,0.4822985810310535,0.37595217654425467,0.3765246167717213
synth067,20.5,0.008593051584655769,2.5484823554425784,4.251628873168043,0.007948880453049218,0.8550379830497139,0.857826067404805,0.8098584168105272
synth068,15.5,0.01193517844925138,6.802002588153497,2.334773735492144,0.012439238425556477,0.508751324107576,0.40464607670138464,0.3950464674914326
synth069,28.0,0.008649522084978125,8.217778440955481,3.8714202947645404,0.019730039102573503,0.8704141479384323,0.7114330246164745,0.43394087443857304
synth070,21.0,0.022170439878353557,10.50028497834317,10.172626523726116,0.028903492865525737,0.7022520449945244,0.4533291489125153,0.33592926890631336
synth071,27.5,0.006330988979949218,7.892319746239513,4.358464000924913,0.012886973971238797,0.6871373700420498,0.35454704992339736,0.29019412670758593
synth072,29.5,0.006023960940588986,6.21321474079032,4.990245392758448,0.01297145856914269,0.671683485856616,0.438998974627706,0.40078346924268454
synth073,31.5,0.004984735675402805,3.5438253506709394,2.1626329806650624,0.01006317645260064,0.7991577063217677,0.7296465188147605,0.772197103235122
synth074,15.0,0.010868350190714055,4.3202926476342185,2.0513184903287485,0.008144576239145032,0.741703733932021,0.6915432149244551,0.717577642695926
synth075,12.0,0.008905685218317676,1.9363153846741277,1.3844316869144269,0.004881180729055244,0.765608751976126,0.7500660317823301,0.7170865074532343
synth076,21.5,0.007232489313986105,2.477484580968241,3.1901251746328896,0.008384890705006625,0.9513722028555753,0.875927211499891,0.8968240958530682
synth077,28.5,0.025549147481699605,11.593267918390811,8.871830535609977,0.03824954071190516,0.8836321371821869,0.8403466270354092,0.6351241764250466
synth078,17.5,0.013252576893021438,6.887164941923265,3.7224359768771453,0.015061748188869515,0.7893732976157612,0.526135644293743,0.4452257520541678
synth079,22.5,0.003978081235508711,2.697452104596607,3.572723036712704,0.005487713846055951,0.8452614732528273,0.7477821086784369,0.725463746055873
synth080,28.5,0.003970209807797567,1.6127279756555346,2.138518533554725,0.003708625476606681,0.999931670320101,1.034075977524234,0.996597124062492
synth081,27.0,0.004552787072429157,4.783323783736986,3.1658632330537095,0.008670172065259671,0.7292090885151826,0.4645975372548647,0.47059802565185954
synth082,28.0,0.0066916443145606345,7.713168287113197,7.47874261416249,0.014875934009751707,0.7247953241990814,0.4680940677699098,0.35213926947485347
synth083,29.0,0.005336920929088834,5.6338364642878425,4.306713124462691,0.011643797029219081,0.6018282935790615,0.4608590675989188,0.41161662130191545
synth084,28.5,0.008412577564132634,6.852267455458616,2.8789365289399704,0.016839529394122612,0.5952551560689477,0.41915769104440637,0.41386729888640866
synth085,25.0,0.006937606954331162,9.671694442914509,8.553733697554131,0.012091587676232324,0.664656090279145,0.3840584527775096,0.26654433182914716
synth086,14.0,0.0070214866690994065,3.74917685910086,3.396287750831677,0.005788418735773372,0.6604540261226566,0.5763757088507069,0.5892474014276624
synth087,16.0,0.017259243311038376,6.134783863894473,1.9378193058338322,0.017290270093367994,0.6696939783592429,0.5068682122399011,0.48007347436444237
synth088,27.5,0.010527918805492299,8.963292020182028,5.817421491074333,0.02028611977856849,0.5508295535050031,0.29632523241748204,0.19596089041762715
synth089,33.5,0.017228058490402015,8.84974326151541,3.4688829226991835,0.02908753938277592,0.9850159289799317,0.7822909851345878,0.38314601699895445
synth090,27.0,0.0051044936152471,3.8015988651465094,2.9107184754624793,0.009459802288188027,0.7501436021558108,0.6248505766369613,0.645236008894816
synth091,25.5,0.004773777530450288,1.2811164464967373,1.3164295567029338,0.003910609800750845,0.9086529605035092,0.8708204750870229,0.837011570317615
synth092,28.5,0.005852053917596579,4.781743116949775,3.8086405958075797,0.011912623264235308,0.7789957599789693,0.5946756338823059,0.46946395474579883
synth093,15.0,0.018164676375987693,8.647655055638142,6.2792292107375225,0.018294267992978418,0.40166806650893266,0.3428999186162884,0.31978415100052066
synth094,20.5,0.009994023387878566,6.759870772395509,7.8185012428935785,0.012682638441188483,0.6301419243828528,0.4468952961510925,0.3744717984006712
synth095,32.5,0.004582608014183684,3.3330066974204353,4.112774570897324,0.011687441296356665,0.734207738949794,0.5923518254487163,0.5171105393231866
synth096,15.5,0.012541783988797987,7.8396170652651875,3.2892848229441185,0.013786923411999323,0.5259567232087882,0.3478559585888551,0.3066496087219308
synth097,27.0,0.00923679725201383,8.48956280133315,4.2690946578933175,0.01730246908189334,0.6265494247914227,0.36852659182548414,0.2985387600838289
synth098,25.5,0.008030630950880566,9.462457420766404,6.11427100638358,0.01407322086714041,0.7294131006008214,0.4523873846557796,0.3095515815870711
synth099,24.5,0.00863179066257529,9.277117917719524,5.021610594148065,0.01486923134669878,0.6223306474107171,0.3476352581251587,0.2731474382401514
synth100,19.5,0.005003685498306343,3.2708294901173485,4.667091240234882,0.005194397221347592,0.7886132783568036,0.7379780155617035,0.6949189621525727
synth101,19.0,0.01820059469970098,6.550496137696671,4.370614093445768,0.021476297604776054,0.6309642389360949,0.4789430347848712,0.4211924085982399
synth102,30.5,0.005040981817219117,4.149897143013099,4.173028374220777,0.01261756090346815,0.7882482169259195,0.5962389100843716,0.4199368050073237
synth103,28.0,0.00738425269869295,9.404714193113382,4.777350012306556,0.014891552473820078,0.8424147950455678,0.545765252334301,0.35272721667311296
synth104,29.5,0.004206768274952803,3.8716460212348824,5.65579305643209,0.008270832445536416,0.7284464082940267,0.6421780297287862,0.6080109415391458
synth105,27.0,0.005778264313682266,6.487620194811186,3.1279099642608177,0.011428710856225667,0.5138912648679813,0.37942198093382373,0.3715717866616208
synth106,22.5,0.005799424499037624,5.584845306338071,3.4070970006831924,0.008720016941539583,0.6515756687220688,0.5049775121137425,0.4787589339767485
synth107,19.5,0.011085869532533594,4.467029577712012,3.920299605695714,0.01313851115454122,0.7237162263962246,0.6073916833786647,0.62588270395564
synth108,14.5,0.021231111469154348,6.923262302572635,4.586052356677177,0.020959925485419414,0.8092965193002878,0.5874766676419311,0.4820857257247525
synth109,24.0,0.003704634165729327,4.981519002916848,3.0388003451234358,0.00604140960954609,0.6576591743213099,0.5457412026642009,0.49529308356728424
synth110,15.5,0.007698411747696357,3.434554988234293,3.7872540851428127,0.006901084949613652,0.7206427866764408,0.669433740422931,0.6130720795011896
synth111,26.0,0.004184466424221082,4.332452324820402,3.8655201525166927,0.00901837366376874,0.8652203842484759,0.6924825960430788,0.573558249155647
synth112,26.5,0.043620175751970726,15.898445210352792,16.08495633547676,0.0552123078829796,0.805365826567229,0.7985335959513923,0.5556994692486773
synth113,25.5,0.008381589330129433,7.380425879080317,4.3450977734507035,0.01402886208186076,0.7369418102878422,0.5274752828992864,0.4373806803880121
synth114,17.0,0.010060087477760308,3.0039465452962144,2.1134448774845183,0.011719050140776637,0.8198400380451913,0.6693218085948689,0.6359220652853828
synth115,15.0,0.02175441072203517,7.667324526555084,6.7840980134415485,0.02309513599962234,0.46447286973405627,0.3923900443657537,0.375613669967977
synth116,20.5,0.023907958109882742,10.737045688579553,2.4238764995820983,0.029496923877139026,0.7536741021460981,0.5338821986732707,0.3710765514070821
synth117,14.0,0.009912454035170867,2.998535032135825,1.8402755903672663,0.00833166518311011,0.7613946984228976,0.6769133313537468,0.6776104731164194
synth118,15.5,0.00499798412453986,2.0775263423153145,2.8109377460504525,0.003901722313845214,0.8310642486216606,0.7080569082491718,0.7246070384522211
synth119,27.5,0.03447577142218268,14.173849367332622,11.806782341833646,0.05003222075405858,0.9011882122806423,0.6293670650969108,0.3623126949876992
synth120,29.0,0.009410810366331814,8.271440306568012,10.400692331216108,0.018751808711018884,0.5136716514566042,0.26910596778487667,0.20060385585706614
synth121,22.0,0.00513509012216376,3.304792018431506,3.978646106612924,0.006947749699009158,0.7017824509899732,0.661625255688633,0.652939455896008
synth122,21.0,0.013628045435706391,8.960109777101115,6.893140797616644,0.018520451433813156,0.6106348146173841,0.38958855647749224,0.2932919355227447
synth123,27.0,0.07830195404548422,19.081865618242247,15.474557637109223,0.08867888330238012,1.0751110234152872,2.219307364101483,0.7752130321483982
synth124,20.0,0.023984966491720827,8.870403323709999,1.9597189554712102,0.02846383770169009,0.7593258575358369,0.5053306941373834,0.4050547383802608
synth125,27.0,0.0060331235816413805,6.890601559584706,4.862928305739178,0.013702599847235934,0.6963673900536543,0.47833006185875415,0.3873731896787296
synth126,28.0,0.08783746148817134,19.534355935551616,17.05575549961308,0.09824851256889493,1.677351876602712,2.190134399084416,0.6827442066280898
synth127,27.0,0.004311604647288098,3.537418546992166,3.7259776880787587,0.0071320524017540856,0.7440006673395165,0.7440645258688043,0.7005994728531996
synth128,15.5,0.017936489301778463,7.463289149182106,6.264452213418492,0.018669316260911138,0.6591919380309195,0.4442094909729191,0.3570255881817651
synth129,19.5,0.01862308998623689,6.822383011010134,1.9946156681626448,0.021646692392958022,0.6544161346339384,0.4763867389642959,0.4357294578267104
synth130,14.5,0.016154928226561373,7.349950556633651,6.084708768334162,0.015397035850507182,0.7433502890515518,0.5298613752697011,0.394724289447103
synth131,22.0,0.0073905162643307905,3.6246345401114954,2.117031784701453,0.009958499095449495,0.8099675166544082,0.6499984362702876,0.627646677534499
synth132,27.5,0.04378641643396823,13.321024360163127,10.197044856801654,0.05847101353092944,0.900003310450102,0.8766156190086404,0.6354103546319435
synth133,15.0,0.009564338638361997,2.6577718531814387,2.2779813210781708,0.006857203292939141,0.7265175858440417,0.6844353783829703,0.7308536545559923
synth134,15.0,0.012870367627281548,1.9800312451215518,3.050377792071979,0.008778487389571871,0.8377509320177995,0.7840192324894605,0.7951180037411678
synth135,15.5,0.017615589119259378,6.880759002339971,2.332239965337246,0.01806944321261665,0.6398250015984965,0.4825430175611011,0.42402002164957053
synth136,25.5,0.01336812224727715,9.756234516842994,4.444199278848036,0.02261632705312896,0.8661999101620892,0.7072303963814343,0.6446084109740502
synth137,26.5,0.046517135076617866,17.199735746006404,13.570037958885832,0.06089154539171061,0.7888841374726876,0.3968827752563169,0.045239944057305775
synth138,21.0,0.01578359089875528,9.15643036787995,8.272083176654244,0.01929741303184931,0.6739496430812781,0.5306502670103208,0.3880008851472435
synth139,29.5,0.0034707537587735857,1.7756626163936673,1.8634005902783635,0.0036341196564230716,0.9076193901739514,0.8979651047556159,0.9033934715753248
synth140,23.0,0.014856111442591129,10.625220048679926,7.177099134262344,0.022085327847480567,0.6684860315760598,0.5010997266090295,0.32035968791554403
synth141,17.5,0.02104304584911831,6.9678613922325905,7.74181665293169,0.02330607705758751,0.8262665809510417,0.6146398537138188,0.5382658495919349
synth142,13.5,0.008719052406492029,2.7185648322996148,3.254652815130541,0.007475441051949832,0.6590152582646065,0.6169500595562613,0.56012326543988
synth143,23.5,0.007563241985840526,7.027340686969694,3.753495001948357,0.012961657864720049,0.773594393604964,0.5264870356412827,0.3770474630457962
synth144,15.0,0.01396379716584486,5.544337323499242,4.5472038883074095,0.014237050935164051,0.5555968850848584,0.3653320291390578,0.3653037146502459
synth145,29.5,0.022693201226797896,9.444325522038932,3.43282175531189,0.03787954309761155,0.8775892033174169,0.557019669664042,0.25893939299237206
synth146,29.0,0.007936204750889724,7.392354786629598,5.269373511052908,0.018157261941499386,0.6531385046000554,0.3691969470624451,0.37284995617866307
synth147,26.0,0.0035181205244381544,4.570389105620576,4.340195015927799,0.007142524324998553,0.5488033065303975,0.4949987163765672,0.45695550822456826
synth148,18.5,0.01004245005522228,1.585297846051228,1.4290383689999242,0.007563303483886755,0.8148642500099749,0.8623888646559,0.8003180094281648
synth149,29.5,0.006750015496671778,5.6200910414810945,4.813462365844634,0.01696805231263177,0.9276124523803329,0.8005501905760077,0.5926956129097699
synth150,26.5,0.006612404747627681,4.889992984640248,5.971679680506412,0.012289405915603078,0.6330653714450303,0.5677399913521982,0.5410641806120411
synth151,24.5,0.005626299836773931,2.399707090663812,3.1550360232715136,0.007910789599635188,0.8581655089757857,0.7829458171636936,0.7558354992008539
synth152,13.0,0.02867391741903471,8.289519924671787,3.111539438651416,0.02458320008375597,0.6126484683918758,0.34365361904753133,0.3188055478728702
synth153,16.0,0.016496761213763304,8.807526006495863,1.8968053523330575,0.01769166487696585,0.5105459516383607,0.30053845257288725,0.2695174095730943
synth154,24.5,0.009256695167035424,7.532238489827989,4.584471825108514,0.01695078323632332,0.6151665058920953,0.35246063650858594,0.3050760163934372
synth155,14.0,0.011387101445469588,5.367093529039808,3.5569253072114115,0.009975925270833238,0.6253091698699826,0.4979926082367423,0.49897561986198763
synth156,14.5,0.010733976189243185,2.709464770190957,1.8937830957547597,0.005091993174596314,0.8892220804362938,0.8561337900685293,0.9023393781225202
synth157,14.5,0.010694216991377445,2.740124534948052,2.8832474891145043,0.009795358918492132,0.7649120213036749,0.6709676350752233,0.6395803346795753
synth158,26.0,0.005930005252396033,4.368220392028643,2.715924663828986,0.010637856017617865,0.7128957055632921,0.627967103847913,0.6172311863564236
synth159,25.0,0.006073092425082386,4.287040869274614,2.3157084420594387,0.01000182801684083,0.7845537697495366,0.5720381157555183,0.5400745808952926
synth160,15.5,0.011986146572575759,4.1742622508926,2.9635775407229303,0.01345726417671329,0.5954697973313502,0.4034725939318948,0.44904468998860503
synth161,28.0,0.04549008676872379,14.719623071642879,10.289303793028122,0.05651152047810969,1.0294377636180592,0.8532654582612842,0.7767425337042341
synth162,13.5,0.011067295488761297,2.461938049486072,1.9326488964991562,0.006305428438471539,0.9483791120617711,0.9062719109471533,0.9055269022462007
synth163,17.0,0.011974382409553636,6.567491544122026,3.181600598912615,0.013638497358288175,0.7253352651669241,0.44802580708860085,0.3985207515788048
synth164,25.5,0.005334462735741721,3.0342854459475976,2.3878765927327983,0.008164990422761167,0.7599709002591573,0.7637962140619519,0.7482424661378456
synth165,30.5,0.02019318309570352,9.203376308097422,5.366124202310498,0.04056869496854758,1.2855462822268438,1.0246430765330454,0.761679005697866
synth166,25.0,0.00878863951276248,9.06533949409714,5.79424398781585,0.015601406730999948,0.6162521946617604,0.36931831201797954,0.26878793206979373
synth167,30.5,0.015524467210830168,9.379316307306071,2.991977412015121,0.02970055491044071,1.1178355938581683,1.0936173038084098,0.9475806943689904
synth168,29.5,0.006181626393865701,5.102621723688703,3.6429272338986696,0.012470459642558641,0.6499039417042637,0.5255763054127378,0.5009421271982978
synth169,12.5,0.01387326461169423,6.689430908622365,2.1907520206906916,0.011249996307011382,0.6662499403675849,0.4494618418975418,0.4051907024127312
synth170,34.0,0.005208248793436775,4.349510678891804,2.5373212188153715,0.013580661799084971,0.7146719640804351,0.5652399432006331,0.5169654028062393
synth171,26.5,0.005077910118865365,3.262087094688315,3.2044795408757665,0.010035876890797876,0.7280366405193667,0.6194742088723157,0.5916685973902598
synth172,15.5,0.007143692677315192,2.8306339872422726,4.422608823300784,0.006530031072416485,0.5821653710948268,0.5382424179327494,0.5045940711865684
synth173,29.5,0.0036418681284944186,5.798023068329563,3.9732851511868983,0.008457522029558445,0.627877974626602,0.4679209917500854,0.40213715486586105
synth174,16.0,0.010847248301320543,3.2328811148503522,3.139058082590349,0.011823009918011492,0.6432768332651313,0.48528020725809395,0.43933224420293787
synth175,26.0,0.005201369668083782,4.292998612345569,3.088856803076556,0.009349961800656623,0.6769887892869894,0.5767010068004869,0.5442082608467116
synth176,19.5,0.02091916813745403,7.764975921933184,1.651270338904789,0.024688535873182968,0.7485762436296195,0.4479553699024687,0.4277424604013419
synth177,14.0,0.013695871897069218,3.6192783777197857,1.8793836836545985,0.010499128607777186,0.7067952981263244,0.6169836718287635,0.5885936405619644
synth178,21.0,0.01819662343691207,8.395833834318296,6.416835429672032,0.024162857458703578,0.545719413432687,0.3555995645321899,0.34896500709772105
synth179,19.5,0.010998151414152793,3.0248954466523603,3.1899005155652116,0.009741412784100366,0.7837528318900648,0.7295783386051049,0.7251021963975937
synth180,14.0,0.01653965068014397,6.461345744112652,2.5385763676081474,0.014835624761112427,0.584220382509416,0.5126260045001276,0.4681446657066294
synth181,20.0,0.006326672757212742,3.0496249936446684,4.147066949897127,0.007445187251547928,0.7479351344901423,0.682730992664544,0.6101791178767288
synth182,28.0,0.006792945999730196,3.801444434714707,1.6407235565233957,0.013368513490424337,0.8427162632733697,0.6506541663948098,0.6330347340979762
synth183,14.0,0.013839514302865171,2.7700501852568937,1.6301236668685437,0.008897631927768686,0.7811518932784879,0.7729406628329274,0.7413397508261885
synth184,25.5,0.005850853882858952,5.560202660672857,3.9960952350195633,0.010240256175093294,0.7096324081803452,0.5312894885372651,0.5007434897857961
synth185,13.5,0.0056073591209175756,3.185850218192181,2.977000719698033,0.004513120699865084,0.5654752232083589,0.5377901482083743,0.456408710682194
synth186,33.5,0.002798883598299883,2.988985817691807,2.962831450623833,0.008379467630050479,0.8962610476074386,0.7831740512156149,0.7242805536417106
synth187,24.0,0.005759258415663342,3.8407933870103417,3.2679523390096588,0.008191393495476727,0.6653921798997957,0.6357280381419098,0.6282608834118257
synth188,22.5,0.005553684080039846,5.333254487772736,4.2745298779764695,0.007626750781255481,0.6410736599275279,0.5078743103859235,0.4976364998412719
synth189,24.5,0.013158015470011806,11.984212723723404,5.2082042837761655,0.02008436328508335,0.4783506724692029,0.29847029905919603,0.2435819855127472
synth190,18.0,0.031472054383196724,11.641146692154706,8.233660571681245,0.0356267760647393,0.5795687619442669,0.3979809300547987,0.25020800394662507
synth191,13.5,0.006211510356490178,1.6142170755440866,1.6554504706886242,0.003841979483772506,0.8324183612940801,0.8364816906281132,0.7175873924550014
synth192,16.0,0.008016853576607329,2.3736437163123902,5.010705209647339,0.0066113875140252085,0.8043145055256112,0.7686936830873904,0.7513668391021259
synth193,19.5,0.022407647575558486,9.578588911778798,6.071526490823924,0.027519431119764466,0.8001935659964559,0.5348857259444272,0.39178543536296817
synth194,22.0,0.022838065537423284,11.429882874322747,10.594589320473498,0.02897959313760253,0.8213870440005229,0.6040735659529656,0.48135281734388574
synth195,17.0,0.012173814983111639,5.895318503758817,1.8790930447614507,0.012993011553909462,0.6179842039398735,0.49851939297047004,0.5148049593009525
synth196,29.5,0.004709114761693998,4.104101041448569,4.211874312715684,0.010745062955284405,0.8336391896671869,0.5947997058418502,0.552282147961555
synth197,20.0,0.01848523633878621,9.073278546402843,9.45615740173646,0.023377209374692266,0.6280256704384197,0.3927061380532219,0.3520315369714888
synth198,16.0,0.023604187631522985,7.794721125342163,2.1179199353562517,0.02399740133559622,0.5376982988076232,0.389122796245371,0.342340582225897
synth199,31.5,0.051200520752938794,11.30587637105025,10.909395550874216,0.0564423545669336,7.126023014239839,0.5780667327054232,0.044844081062545935
synth200,18.0,0.04019351150334666,14.096803045333942,15.023236178618259,0.04505156176634508,0.5366600704991275,0.2956259134679926,0.1726253755075365
synth201,22.5,0.006598413987793427,4.079798116172002,3.1920271880786366,0.010103649681228087,0.6983821914132567,0.590720229006413,0.6012975879936144
synth202,25.5,0.00433215296022895,4.093708686460955,3.105255603898245,0.008266391603025528,0.6850252414915383,0.52348936474398,0.5485804577801713
synth203,23.5,0.005352706169008254,1.8698977463871547,1.738415612367481,0.005173492535317284,0.9058598674424864,0.8554737154835649,0.8331660431164345
synth204,15.5,0.015988966393549887,7.472093792580896,5.090061306714864,0.01690596307716611,0.6715613088666332,0.43932095373234975,0.38033059058757446
synth205,30.5,0.003049689831670436,4.673623438582384,3.6687876454120794,0.007449511827076481,0.6916518204927784,0.5079566422399066,0.46102028817412893
synth206,16.0,0.020142057182214554,8.67011951183203,2.1369084868615396,0.021716933484483187,0.6495778362994254,0.47691088504619733,0.3803741731226799
synth207,26.5,0.007733782235120171,9.102370336600432,5.819889286972808,0.013654604804032707,0.7644320516783621,0.46719155357138503,0.3584511768326278
synth208,25.0,0.006176738867848062,6.273993191134721,3.788348652554525,0.011446177744483912,0.5611743572933657,0.4162103057116302,0.37644032723566967
synth209,17.5,0.007821564516800186,1.1959240627568324,1.8126162051588945,0.003823033329665181,0.9238157098911834,0.9515718267419544,0.9383978061983329
synth210,16.0,0.01272746761228545,5.459124983221146,1.5721358035023592,0.013003368808617594,0.7070904012423408,0.5446283860032443,0.42384911072502385
synth211,22.5,0.007411600180288216,4.664784722543116,3.7778701060007602,0.011381314010382261,0.6056544600990561,0.5257612792971976,0.5440454861410002
synth212,24.5,0.007964588620298769,9.088858201268604,5.62909039343956,0.013543820041477807,0.5365815064376758,0.3118361155401393,0.2456892589367903
synth213,29.5,0.037300580697849806,11.016279446911717,10.404786710365372,0.04633264406139844,0.8480872792651576,0.801691924627935,0.6992916043555035
synth214,14.5,0.010422905420490727,2.8473920214419834,2.770489694060343,0.00795141662871237,0.8596797554253173,0.7798473061522068,0.7633270837791111
synth215,18.0,0.00821000973074612,4.74090777532215,3.780885087180579,0.011605032808822087,0.4829822174682999,0.40689430849575464,0.3554472677894889
synth216,30.0,0.005559315940111964,3.473437818630316,2.947591631410207,0.011974019795307333,0.5624720681238244,0.4909710370649984,0.4776924131090636
synth217,13.0,0.008536025270392383,2.303816445362541,1.870640872274194,0.006334448597048153,0.6948229402714495,0.6223143641251273,0.6724338804461947
synth218,21.0,0.0153071730369965,5.588827750527372,4.029354928997018,0.018020027348955227,0.6096758884916379,0.525379479883155,0.5553366514254907
synth219,15.5,0.017801762160060103,6.809522492265154,2.5923634576791432,0.01795175687381801,0.7450120364331436,0.5370868449194075,0.47062631185680726
synth220,15.5,0.016344142750871822,8.037375301011176,3.5123738912379654,0.017521222298897663,0.49296759067978707,0.27818662648371445,0.2673888003042019
synth221,25.5,0.009713506535495667,8.776202674357796,6.808156147205198,0.016567775155772242,0.7114654461631688,0.403327732705635,0.2885430408742656
synth222,25.5,0.003477093715312602,4.682414985464476,3.0476236443330507,0.006130138429250006,0.7025695680626476,0.5557338092407629,0.4606853732088126
synth223,23.0,0.007981621292130682,6.089118561905584,5.659627443923343,0.011451240669802425,1.024608171618417,0.8218536545676092,0.6319085703865251
synth224,12.5,0.006287487621874097,2.3178244044999996,2.2340753058079876,0.004086498356243265,0.8073690512405985,0.703857812969112,0.6749287395579966
synth225,14.0,0.008962253622177733,2.399770229358422,2.648389031691103,0.007370050576974836,0.6983057217484456,0.7205841778377321,0.589005151829136
synth226,22.5,0.005015504667094241,3.4159216691442307,2.0609155061250917,0.006873868550569495,0.7014506232228446,0.6543034400262457,0.6722321150593129
synth227,28.0,0.07259206642680557,19.193283639118086,13.967072780706182,0.08273537346450623,2.6906268433348224,0.7282700313946427,0.16683065882985007
synth228,24.5,0.0056855535537091665,5.908924829317055,5.052792034311437,0.01001358589376942,0.630393738770234,0.4748132324269525,0.39438405861316755
synth229,19.0,0.025456215922792323,7.6014993227010885,1.013198470729959,0.029178909621491826,0.7257291457842845,0.5105941237639028,0.4086212571665742
synth230,14.0,0.009653537767774934,2.5029996751493755,2.039778356741637,0.006357543478303422,0.889761000718018,0.76749847222776,0.8135139982412588
synth231,16.0,0.0085374829111594,3.6138444488731203,3.3377920615243983,0.00810697731591453,0.6960420829650257,0.6096512194895598,0.5884597792553229
synth232,24.5,0.006375396915914105,5.556216457544378,3.238082985196238,0.01062729333605932,0.6460885831211007,0.45343743514928514,0.4569954353603727
synth233,24.0,0.004848032317724562,4.378059393794649,3.537343335182479,0.007861118516635592,0.6035902469882555,0.5321291428681288,0.5282310732750151
synth234,29.0,0.004006805783560573,5.280538390290479,1.7444407392687555,0.007723352405367823,0.77053498401205,0.5376299587689559,0.5698357342997443
synth235,26.0,0.013054125108385085,8.296235652449582,2.6329344200331573,0.023703687637607697,0.8407222415406967,0.537392501582367,0.3778600214501186
synth236,13.0,0.010410634053306535,2.8825627461643943,2.499067905651131,0.008540488732332312,0.6033615133519771,0.5163796134161345,0.5127574460318892
synth237,14.5,0.008254213602782693,3.268372806097064,2.8274346121477922,0.007824207991650081,0.7362362758153436,0.6117319377029894,0.5698475719502454
synth238,30.0,0.005342303604170742,3.589526887586638,2.902033862282325,0.013057715602132041,0.7762789122949169,0.6512039128237707,0.6062692874029634
synth239,13.5,0.0052537853206548945,1.925645781347738,2.396915048645605,0.0035124987965464674,0.7244274249706217,0.6827448726150299,0.7072358136340097
synth240,28.5,0.004350773506563274,5.532466244630694,2.286950607183753,0.010008513145350445,0.6999672966277096,0.4967008872484334,0.4762610812392086
synth241,28.5,0.007981045922075516,4.6887302514917195,2.9079275813855254,0.016074904853633318,0.6295412267521073,0.5057866115291278,0.4419898194194967
synth242,16.5,0.007974772273869318,6.165317885569506,7.095301320925982,0.008652361507157934,0.6311741243916552,0.5165732307853095,0.4488631697247014
synth243,18.0,0.031148434875036497,11.856763756700207,11.664274517264598,0.0342681327445413,0.5537401947555436,0.38941591516375385,0.2540792780202577
synth244,17.0,0.011963066452553784,8.409823015085562,3.0364243755781484,0.013676032703434138,0.6857276511867927,0.3887131043963705,0.29935391929307237
synth245,25.5,0.010648492822902925,6.34563227403576,6.887055185712363,0.020694703661775362,0.7099402837934562,0.5122444777945331,0.3830235930936965
synth246,33.0,0.013821058654081397,7.735172683433946,3.3825576793466627,0.027629646465384353,0.9168433727657651,0.4134670615793679,0.1532430408901044
synth247,29.0,0.05670906852872959,13.568973038676052,12.304441242434585,0.06494466234044537,4.13592296904309,0.5131383729192104,0.03689376102817283
synth248,17.5,0.01074911025265923,4.603462622894394,4.226347267890693,0.013762704051672158,0.5692455388253876,0.4413240287127051,0.40476627965046375
synth249,12.0,0.01699820827058535,6.3602439318020565,2.1773386545401863,0.013251247797623546,0.692290473225689,0.47288148265671504,0.45084885685047377
synth250,21.0,0.005775922237153173,2.463621505014588,3.0214139551103703,0.00626154518335022,0.8351203856025816,0.7674224685779527,0.7285594488603381
synth251,17.0,0.047824130762061004,13.542002297307834,13.721515363087367,0.053445378282391966,0.7299859561311736,0.35438118746878017,0.1599521002461897
synth252,27.5,0.008559895266629595,6.01708825923617,5.610398490836417,0.016934370984111897,0.6557323075018427,0.4425535386527887,0.3829697768881176
synth253,25.5,0.010173868050597994,10.5520107503843,7.621910293244891,0.017503333559607485,0.6505130423288674,0.4151478426767448,0.23287532740965988
synth254,13.5,0.005815075219512541,2.442262868336238,2.257092112607886,0.00367117161559186,0.8502453060531927,0.8175849667559651,0.8189594557520722
synth255,29.5,0.07110253892795007,12.650353623201536,11.676296223363579,0.08165413523224563,3.7116704156892832,0.6845120953315619,0.14432663452657782
synth256,21.0,0.007922646239905188,2.3753124273825144,0.7858054049837371,0.008328987999489952,0.7652198128692388,0.6836146991576016,0.643259819534407
synth257,32.0,0.0070947663690577485,7.6509919208581945,5.290202285196406,0.019052249456919454,1.1295887413144017,0.6945657816154079,0.4592956453334955
synth258,22.0,0.008220060078534439,1.678547425961412,2.3256795961365118,0.0074537715076912325,1.0345315486279678,0.867223270808035,0.9430825565421193
synth259,21.5,0.013118527660837688,8.715545673099898,9.725666591376694,0.018953394118028107,0.5002297015311994,0.31589053310823606,0.3134444912948904
synth260,33.5,0.0046198489306830525,3.5516829716319,2.702988813151821,0.011721311632841548,0.7775467148784795,0.6413421200528386,0.5966527880268887
synth261,17.5,0.04975145018514883,16.052005037510355,24.82984752299756,0.0556668566707489,0.7930185992851599,0.5277250895547578,0.3923764514643993
synth262,23.0,0.013984891393232746,12.31482409024526,3.264095007938179,0.019424492649976567,0.2748428432524128,0.16297295177152527,0.1743378791324059
synth263,24.5,0.006681567761948361,8.777599042050577,11.147029240132538,0.011779471534129568,0.5391472699603124,0.30418249603335734,0.2596840360459534
synth264,22.0,0.013437303782908165,9.119705936421596,8.915860206904052,0.018486243015187014,0.5131397857283043,0.38034472183019763,0.3585129844240585
synth265,29.0,0.010726746200483995,7.57641854123519,3.5450261175798747,0.02189542891716126,0.9452123545616379,0.7665638207040589,0.6630020311275153
synth266,21.0,0.009898359597847116,3.4428440969625296,1.2576458913290356,0.010960290389969072,0.7843679047772494,0.73724953651262,0.7093682859815682
synth267,14.5,0.009016629259009892,4.573617980832978,3.050055705845187,0.007489573265082788,0.7536620155046471,0.5989821413772282,0.5922156982718034
synth268,21.0,0.014190534399698041,7.468546750866514,9.342610264524556,0.01874903413216842,0.7564895831433667,0.5283119800044355,0.39552894107156616
synth269,20.5,0.004938937866890413,2.783845584992699,3.3251856070409147,0.005036196901348261,0.7729772259132591,0.7341834803077617,0.7344714597356468
synth270,26.0,0.008624081990350923,10.217528455786233,5.772835700543295,0.014816924636904908,0.6338160024348919,0.4149154652737255,0.24363423465730977
synth271,20.0,0.007446512741357282,2.2487951020937924,1.0880792615109591,0.0046763798707555515,0.9394516445893994,0.8605961632522614,0.9288837261565165
synth272,15.5,0.018736904781847738,8.025969788818381,4.806926072793232,0.019548767985998833,0.47778964397683293,0.3468786710721281,0.2902067170866329
synth273,26.0,0.009104279402549705,9.019016300887861,8.880667835573846,0.014645237453835018,0.5609847211897039,0.34761089743954726,0.2811282215730054
synth274,15.5,0.012213757446923452,5.366059695175043,4.528843559804567,0.011623045128260323,0.7052483756845177,0.5987943693689854,0.549729789909402
synth275,19.5,0.015022003280896958,6.308089033347279,4.471404429196282,0.017294838580144176,0.6784992302890821,0.5382777867522974,0.5538115947543276
synth276,21.5,0.013260586448800089,6.879809011956004,1.6116847338979667,0.017646684498974753,0.5741976563218345,0.4480904304635995,0.4237234878250048
synth277,20.0,0.00878431876007309,4.025708238847878,1.8320619812879269,0.00954242182430605,0.5765517191382199,0.5842188551376727,0.5591767759445591
synth278,29.5,0.006409233927193269,6.298179934985333,4.756980230013621,0.0165797782148807,0.6889154761510458,0.474515778638151,0.41031934628673006
synth279,20.0,0.01115522600505452,5.419847849606336,1.6312173007434794,0.01299998614699287,0.6227549099017511,0.6325013147134628,0.5926706806618895
synth280,16.5,0.01093295569987809,4.745235023329029,4.035614047248837,0.013085412896970258,0.6814089344533052,0.48476143501998886,0.40580756308210614
synth281,16.0,0.012745091325774081,7.083783765202085,1.6287068406962923,0.012868169584082963,0.6608372528005683,0.5117809289531451,0.4680841411583426
synth282,19.0,0.007768160577938485,4.008481015123335,4.457544595644505,0.011217388774479038,0.6766081786397715,0.5395730918648521,0.49484525522237044
synth283,29.5,0.003457972793848833,3.1904407678375613,2.125099725114321,0.007780781724995405,0.6174749734870133,0.5218317169244123,0.5618816601293225
synth284,26.0,0.0040055200775351105,1.8986002488535192,1.7551043803611854,0.005858779182680989,0.8797918908453115,0.836193758977322,0.8720741202323021
synth285,30.0,0.0052228201937806334,5.340938550397807,5.395226964391444,0.011499762318861241,0.8747568264502279,0.5846074827892564,0.49782417311058613
synth286,31.0,0.07200798205174123,12.744944804678964,13.11145145179545,0.08444862039236352,4.5118336978904665,0.8439492906586089,0.23917625034250986
synth287,14.0,0.006434589673082293,2.2975661846182316,2.0547578894269414,0.004477746075532873,0.7513783488197499,0.6804405236763358,0.7109636145078819
synth288,26.0,0.005028239522010189,7.721777984297233,6.082486200948987,0.009207219728947311,0.4948118542052062,0.3406973785199469,0.2717520531257244
synth289,13.0,0.00948435909158248,4.4458374929254685,5.273213430322183,0.007691924050746688,0.6093193106984944,0.4649490243839171,0.5213386208999282
synth290,14.0,0.008513522671872435,2.177400313352571,1.8238935538508283,0.005005569290529949,0.9182526092503518,0.793881852412021,0.8031037554746556
synth291,12.0,0.016639191068234045,7.354937147257354,3.1592888466328795,0.013878891909390786,0.49810363360829846,0.32078351105848707,0.29929647898108136
synth292,23.5,0.006408710007085361,7.9299497979686695,3.8080349899437405,0.01042219731347568,0.5355450234596446,0.3276300499487714,0.28556892081967983
synth293,24.0,0.008441939354867936,8.104772016904045,3.148660007117172,0.01315778834517403,0.6195049308463907,0.4198092489439504,0.33643079177344826
synth294,23.5,0.006351711413652049,3.1263680598896393,3.8894927000971435,0.00906142251835125,0.6816033399117039,0.6398383101085305,0.6100281777207324
synth295,24.0,0.008166713667520989,5.415197597679056,3.140049770913489,0.012240029063200718,0.660008190542888,0.527307220456517,0.4951164344143168
synth296,20.0,0.014911465762993258,8.85826823957121,6.178907342022963,0.019246821088192388,0.6747511772736616,0.4961573484713407,0.36497637487963847
synth297,13.0,0.008353038972776495,2.204957577944464,1.2352076028307657,0.0038442202189861775,0.8860185908927075,0.9035379292370265,0.9617910574338062
synth298,24.5,0.005284923344856993,3.9910380104298326,2.2755224314720657,0.008776992539177783,0.6811276991559955,0.5841892648035811,0.6298478836356705
synth299,16.0,0.00746130871528927,3.3548851641104793,3.083048124460417,0.006267814493031296,0.7068247880925841,0.6077240798651801,0.7085903745402088
synth300,23.5,0.009898594397677147,6.837728356893935,1.9666923082902343,0.015036600721418283,0.6147934476012208,0.4487300639059256,0.4135223281495083
synth301,12.5,0.015290963476889742,5.076400708235997,2.9446470976432693,0.012009501537876506,0.777877455953465,0.5893357375262681,0.479350602211046
synth302,27.0,0.0043995367164117675,3.889171839264556,3.474782376845056,0.010646758456488619,0.7291640953508853,0.49531349988982365,0.46174034413176973
synth303,17.5,0.0468323632877098,13.068640618454443,10.03103200817337,0.05402976637241958,0.5049832236829463,0.2307100704054672,0.12475878069338374
synth304,16.5,0.02171316516844444,9.775425737177471,3.366040120115743,0.02426880530300971,0.647063538867183,0.3710553067800909,0.27529945032844994
synth305,26.5,0.0070440631088966015,8.23449770950968,4.3139530701567885,0.012807944572747386,0.5885807236393188,0.3845386629913658,0.3643739599212318
synth306,17.0,0.030195225563253724,12.798982357762526,11.652518246300211,0.03351362932758732,0.7972878219452113,0.4887063533195438,0.3201451817310508
synth307,23.0,0.009237238104879425,6.133924589834905,5.425871175436248,0.015896288681057302,0.8389428653636367,0.6213824748082037,0.5060381710133938
synth308,22.0,0.007652289517235814,6.101183478459831,6.24659710902006,0.011722199852438758,0.6487598965143083,0.4768986533999295,0.4086662021806916
synth309,27.5,0.01735991353499971,11.106498202411546,7.875355569350484,0.02612459205201773,0.6782290374262122,0.37268705128119956,0.16502532130402373
synth310,27.5,0.005118754744271632,6.875296485680753,4.061716804223492,0.011588783771677888,0.6648017733515645,0.42778528576696395,0.3220805921523702
synth311,15.0,0.007491329050511964,3.251284917778312,3.6268731791693742,0.007580111419073302,0.502854364706953,0.4374705036043416,0.43355114397727307
synth312,26.5,0.03333829846075535,13.984885455737889,10.968930156030856,0.042361207623351174,0.8886915721820099,0.7287431977029861,0.6097026778590903
synth313,25.5,0.006348330219920751,5.6329050180257845,2.599477964830328,0.010145822256084533,0.7366697669668136,0.5511859547450981,0.5592509747405511
synth314,17.0,0.006540846604971099,1.7246061437895754,1.385268096261667,0.006625626460388461,0.7290064508259977,0.7245399692400663,0.6515127853193378
synth315,28.5,0.008707917110416928,8.29062567044411,7.136579569751413,0.017349774048291036,0.6258822804556712,0.39338399733749935,0.3188127709507135
synth316,12.0,0.015793121832196867,5.816685384996614,3.3391368568910185,0.01204010373872388,0.5426996064053065,0.4441281441371698,0.4016215559688334
synth317,21.5,0.015900154750594662,10.273234495526058,10.198518031898898,0.0227092527887498,0.5498437676519787,0.37603798262582966,0.28964231278898395
synth318,14.0,0.024198927102449405,7.6126015305480355,3.0742182282781005,0.02389166774326363,0.7227562267819713,0.5525491725787416,0.46492424283097655
synth319,29.0,0.006521203489585114,4.976921600285733,3.131305986325348,0.014426169484270251,0.6628577361807861,0.48144573305325394,0.45462678000078144
synth320,26.0,0.014031664790935185,8.922299230833382,5.6993466327096165,0.02582438414635015,0.6726771786724135,0.40050866012010095,0.23053056080468945
synth321,33.0,0.008795363360862344,5.714146093837904,3.433841713218264,0.021443237259636067,0.8566937975245071,0.5509871293218007,0.427191419137968
synth322,15.0,0.008595687784654749,3.8074165909795976,3.0454189142731636,0.008974561425997028,0.6491603627453532,0.5049964246989392,0.480537992539861
synth323,25.0,0.006481971438941475,5.346749588191599,2.8160247802090144,0.0102647410368977,0.5556168985251364,0.5350893016637311,0.5221528454560165
synth324,28.5,0.009803845289370542,6.46227736761781,5.3195315527317,0.01936055154050343,0.6979353947060157,0.4528433986258518,0.41372240465490107
synth325,22.5,0.0052070155515788735,3.0654561983268813,1.2682373247182532,0.006961487531650822,0.8158687786195111,0.6927283647153968,0.7415612170236426
synth326,22.0,0.008298340561826873,3.8829675756449955,3.1795484885073932,0.011129463360252407,0.7001884154519705,0.6721316180423326,0.5879911900356593
synth327,18.5,0.009885963969183242,3.6395401845224384,4.572879632410078,0.009695692451392056,0.8181857579397209,0.7506775822200031,0.7759512247561535
synth328,15.0,0.00898383924845978,3.055903103584381,2.351496405513176,0.009408427920907295,0.751394848221522,0.6320738187162283,0.5333226741730159
synth329,14.0,0.010374338462801015,3.119668243556326,1.8689253220185442,0.00947053322187916,0.844476689830449,0.646833875627442,0.5829104298268685
synth330,21.5,0.010965038833821598,6.948176149473335,3.5524469613096343,0.014988450276562242,0.6911440948468645,0.5112809595216055,0.4730766115121962
synth331,20.0,0.021457392495634865,9.544958397924619,2.748855617129786,0.027061518041225113,0.7726187241688186,0.5460945575383288,0.434467409346521
synth332,16.0,0.012559402529473875,5.110723424640664,5.630830791156818,0.015028513923988483,0.9223897938233822,0.6859948407525588,0.5350436826926765
synth333,29.0,0.006814886456187941,6.5270683468970425,3.851937228094613,0.017737149502812855,0.8844184526088668,0.599011351195999,0.46490141878457497
synth334,26.0,0.004152996280111862,3.459895305627887,3.7217159834962477,0.008365172602280977,0.6573433381752433,0.5824168381581389,0.5488618565592635
synth335,12.5,0.02053421987301445,7.391293761266384,2.831600971909003,0.016175771211539645,0.5324786162218157,0.3726517298205802,0.34577940510889427
synth336,15.0,0.013176778037823123,4.1634253075269445,4.901423786067545,0.013573977189600992,0.6450566654578667,0.5646114445989989,0.5394484528361153
synth337,25.0,0.004696993983198243,2.8891212283022494,1.714006518229798,0.007301447412725138,0.7731976672216683,0.7501840727780481,0.6741042062878683
synth338,25.5,0.004630606596756711,1.959274815146692,2.377754713346256,0.00653802129763233,0.8463000856689725,0.8634812499233562,0.7977178425771303
synth339,33.0,0.0033161096098716764,2.7508871592939865,2.035282846453743,0.007841844012808855,0.7760738161555418,0.640306276114605,0.6446436372402953
synth340,31.5,0.0033394262966326338,4.260837617719355,3.7895631947942654,0.010223943271221263,0.8370075638282665,0.5643686719076434,0.42685767656334783
synth341,29.5,0.0052308460126056335,4.54827592161223,2.777877439065888,0.011826537931858668,0.7429199333313466,0.533386250411173,0.5260174109626999
synth342,25.0,0.010004405744199538,6.941689026948872,4.0084396332572325,0.020201243960218402,0.6710179971395415,0.3775591136287255,0.3115848845442596
synth343,24.5,0.006619831487330068,3.2206836705617192,1.831197672808429,0.009835550465568135,0.8915918948880179,0.7343306957120118,0.7377342947443872
synth344,20.0,0.006660721231291413,2.0350527719927936,3.349141393238666,0.006233581043891684,0.9309514131215011,0.8700033708934648,0.8504722513110787
synth345,33.5,0.005076866957147869,4.579310749031578,2.731642056115202,0.014626646171764339,0.7355417744799657,0.47014487210277606,0.4565221067822176
synth346,29.5,0.003848571073378001,4.881682795367865,2.7953219312839384,0.008782025020471698,0.5815674961023581,0.5257455932853692,0.4538967540210538
synth347,22.0,0.011180119655480072,6.514045648074465,2.895715150912155,0.014898047042083674,0.6822778018549728,0.5145943927796751,0.4624349134715467
synth348,26.5,0.006879061780448089,7.764239343573456,7.237001452092642,0.013135634876195554,0.7200016572024014,0.45039822240445604,0.3063875042301493
synth349,21.5,0.006029822306053631,1.6715302226969087,1.446456284135973,0.005454952954881323,0.840813560093406,0.7828696247920894,0.7742522829191141
synth350,15.5,0.011141643913998925,6.348615203527537,5.605779556947779,0.010906409439794932,0.5925061178152055,0.4455563690750824,0.45643336009486635
synth351,29.5,0.05621803547019201,13.64518784337411,12.227698889847801,0.06996902009819195,1.1520636355496103,1.0445333513498285,0.6342043071289281
synth352,15.5,0.016185718263712585,4.853668824611521,1.2720356655130782,0.014969881741385806,0.7031287049966127,0.6354377612442643,0.511980652065208
synth353,19.0,0.015080261447357366,7.236470098905805,1.1386145769654288,0.018809481240828898,0.5822915987063769,0.3939031873889924,0.3703001769413076
synth354,30.5,0.00589621421477543,4.477572019971117,3.0576274247482527,0.014232866388026667,0.5933428656321242,0.43573954016811944,0.44258037212724394
synth355,18.0,0.006627688819826235,3.390005242022829,1.6754148222850773,0.006699536048435857,0.6892747774652421,0.6821367770951023,0.6900214051378362
synth356,12.0,0.012402289218342223,5.118816221189171,2.2016482774107438,0.009622649355290119,0.4673981444607737,0.42619169172172117,0.43304146804515536
synth357,16.0,0.013366438905330711,4.209199909981942,3.001035121795592,0.015167884218138281,0.6643206981711552,0.5315254677643166,0.46874716112311543
synth358,15.0,0.012296982105984528,6.158335008048219,6.910895143364879,0.01154119733149265,0.6497250820139081,0.4953548423923653,0.5209531522584326
synth359,17.5,0.02069647339330171,9.953890123402571,11.047213217271974,0.0239322210921569,0.5394443931513313,0.27906083094624096,0.19743921199456063
synth360,25.0,0.005274801276183431,4.127498579411668,2.7998312188450303,0.00919727981003224,0.6249992505459713,0.5916751043555818,0.5606527239281472
synth361,21.0,0.0066680500109928985,3.5230712744975445,2.4873338455447414,0.008958387486817154,0.6950313344978505,0.6398659300040137,0.5842258054656455
synth362,28.0,0.003689484363829347,4.67594004002966,4.738900657040999,0.00864849244153653,0.5981916571263374,0.4720502261965803,0.5055226071933147
synth363,15.5,0.012345068070360022,6.2372887916466,2.780848972293821,0.011295065942637659,0.622828613573435,0.5124844483735013,0.5310853935126544
synth364,19.0,0.009783339621608128,1.6679727994180382,2.11379409903496,0.0048899217210310215,0.9681909261595134,1.0120588891781914,0.9849357765580408
synth365,16.5,0.01625155603606498,6.723642443886924,2.1611505842598966,0.017229045513969653,0.7509523105293602,0.5447113122561087,0.48738998312618204
synth366,19.0,0.00918423489173754,3.561497676030916,2.558771610904289,0.012591611684595702,0.5096935211832944,0.466454175195651,0.46723177598836946
synth367,29.5,0.016256338295734755,8.702959108794941,3.8069257839612813,0.03301636199172261,1.1490585852592208,1.1617898195421985,0.9514986006426366
synth368,14.5,0.009248228771710665,3.271520164451829,1.4986587190943812,0.007638946450613811,0.7641276675647298,0.6477234866347468,0.5785069092502813
synth369,21.0,0.005434237207307962,2.451102898632289,1.2794071999984258,0.006388393682306005,0.8017381735823247,0.8120698461864211,0.7621941722447981
synth370,16.0,0.04290907435068255,13.114675019771198,13.132899882862219,0.04763334093274533,0.7442979533717157,0.5856240510355669,0.4065355730398913
synth371,26.5,0.0046710889134318504,4.432796070563896,3.619042528201666,0.008761733907895542,0.5246879084584036,0.5190631310657672,0.4656252525674422
synth372,17.5,0.020045976044754707,9.07747998241402,7.91068309902081,0.022500220664037715,0.7220298920429822,0.562060686802545,0.4267933617495978
synth373,27.5,0.004528959700272284,3.7329060781246515,5.405118661725901,0.009494159074249905,0.6302905416540585,0.552996129365202,0.49988134850724
synth374,14.5,0.009310638761149745,3.124111154369027,1.9786473502721424,0.007387542757299407,0.7192081363349347,0.5514154640582746,0.6205156396452238
synth375,26.0,0.045230627588828606,17.472493146629645,14.270950024017584,0.05493741686536383,0.7134139101047952,0.6430633180879998,0.39914468320300805
synth376,12.0,0.019613496455934777,7.784277022518413,3.7511858421680166,0.015726452765894426,0.646865025778355,0.421500819204231,0.3610858636226502
synth377,25.5,0.006938893397744999,5.082045549225409,3.4662796334784307,0.011659957716860176,0.7668745219007977,0.6005779435812499,0.5140670266961779
synth378,22.0,0.008163155917432078,1.2170506544172977,1.400464566208841,0.004889904528958569,0.9581541851713837,0.9505269477127138,0.9003942467314326
synth379,12.5,0.007578214173298418,2.608378772208777,4.9554137750026594,0.005886066958233315,0.7830774826316267,0.659426688901603,0.6687822059908546
synth380,15.5,0.017321354963748294,6.664634715847626,3.1283978652885303,0.01821631497323247,0.5237826073843744,0.41689655285390886,0.40807054264018544
synth381,22.0,0.004839527920275135,2.2999677243733974,3.821818150306049,0.005341636205406119,0.7962916223829465,0.7187157801788576,0.7026434174407895
synth382,21.5,0.00982146386312396,10.178603056552609,10.566190347720257,0.013542156611798707,0.6269195239118479,0.3740698928192968,0.29300277343119724
synth383,16.5,0.014711300649774328,7.403689229195045,4.112711090065808,0.01582938880455958,0.5533852710850312,0.4243767546946726,0.37727646936550446
synth384,25.5,0.00417246170264068,2.397575905484839,2.8202736748610846,0.0058576867667219324,0.8415277394180602,0.8619813339090665,0.7329378626473568
synth385,14.5,0.01014085500404056,3.1652204540980744,2.1868754524398426,0.01035685652054474,0.6963919630876647,0.49147585730883786,0.47544349427931
synth386,25.0,0.004952524507586835,6.735304044926256,5.858920692914147,0.00906161243763143,0.6868574294932046,0.5570307701964473,0.46456450022452783
synth387,22.0,0.012560408719532335,8.55842661586994,3.7259191064513075,0.017720015817237124,0.6753707963218992,0.43500517764286467,0.33636729080529826
synth388,29.0,0.004770964220435464,2.3535722622814603,3.9706738659294416,0.007493030197606338,0.8747127045192923,0.8365167431138347,0.8269490546191391
synth389,20.0,0.009148001308182717,5.955373858652386,5.562029808388775,0.011275499719698932,0.5992688572117816,0.47044500727685973,0.465687586310315
synth390,18.5,0.00995532779017724,4.99387631337906,1.7849369778671065,0.010737676670804594,0.6946098498820256,0.5838386832488908,0.5688056225122505
synth391,12.5,0.008971443269627212,1.985472645695845,2.187926675515497,0.005818403800782537,0.7348801735110753,0.6988333334741114,0.6957392708056802
synth392,24.0,0.010736348933793226,7.391758146142786,4.414703627858811,0.016473396122906964,0.638615685274608,0.49728603165675817,0.44071176601211465
synth393,25.0,0.009653428359819107,8.12795561521666,5.076621343631711,0.015691836384023994,0.5489077554873143,0.36492853331203645,0.3503600207218524
synth394,28.5,0.009399804026809632,11.029390314989653,11.148550619790996,0.017826573098722934,0.7328932920773106,0.4685528698605334,0.2770890880515744
synth395,17.5,0.007877994470784057,2.0313122735162104,1.0569338265590833,0.006289397514979609,0.8553905957399879,0.7913756335359652,0.8302131992125066
synth396,20.0,0.008477370103881955,3.4346803659235015,4.054515659491198,0.009084527325808072,0.7188381533176897,0.6890204079338512,0.7395524107889427
synth397,28.5,0.06129470593426786,16.46687773527764,13.394760740015649,0.0698212852710457,3.1403318798385604,0.42909896602254616,0.031862397872980876
synth398,17.5,0.038581070960179736,11.158262217234803,9.50186368119521,0.044331513150491664,0.7072422801974985,0.45547180701871104,0.32306792993007644
synth399,17.0,0.00917838124701413,1.934091955551871,1.0747768079668862,0.0053102191442169384,0.9124547896316219,0.9252746139157042,0.881651355740318
