cohort,patient,hemisphere,c,s_off,peak_hz_off,peak_db_off,model_peak_hz_off,model_peak_db_off,s_on,peak_hz_on,peak_db_on,model_peak_db_on
dusseldorf,sub-0cGdk9,left,0.55,0.025,29.0,0.7316889992421771,29.5,2.1839592210928016,-1.0,31.5,1.8324817001493443,1.8326176672734995
dusseldorf,sub-0cGdk9,right,1.05,-0.85,18.5,1.209539018596697,18.5,1.206502064069701,-0.65,17.0,1.7114775264694693,1.7496581611526674
dusseldorf,sub-2IU8mi,left,0.7,0.2,24.5,6.548815294284935,25.0,6.669479623763475,-0.1,24.0,3.5474334454820244,3.505310058992026
dusseldorf,sub-2IU8mi,right,0.7,0.275,25.5,7.721396369744102,25.0,7.762392174991373,0.075,24.5,4.900416970073902,4.902192174580646
dusseldorf,sub-2IhVOz,left,0.55,1.1,29.0,13.449183801035058,29.5,13.626070808030393,0.975,27.0,11.14916891680597,11.231768127866973
dusseldorf,sub-2IhVOz,right,0.6,0.975,27.5,13.791161531463434,28.0,13.9062863945989,0.8,28.0,11.380630670264491,11.500000767353972
dusseldorf,sub-6m9kB5,left,1.3,0.125,15.5,6.071166198666198,15.5,6.129982345454832,-1.0,14.5,1.374038850849626,1.5592109718064728
dusseldorf,sub-6m9kB5,right,1.25,0.2,16.0,6.896105816330866,16.0,7.0441546588011805,-1.0,35.0,-1.3593300754850723,1.5537318987176763
dusseldorf,sub-8RgPiG,left,0.6,0.45,28.0,8.136545152212502,28.0,8.039829118478536,0.575,26.5,9.334611803665709,9.297437108302343
dusseldorf,sub-8RgPiG,right,0.9,0.325,20.5,7.794633606697534,20.5,7.856616511740575,0.3,20.5,7.324292636543106,7.468824881544687
dusseldorf,sub-AB2PeX,left,0.65,0.35,27.0,7.977619514729799,26.5,8.052960874113229,0.15,27.0,5.480758029873023,5.4116799097865
dusseldorf,sub-AB2PeX,right,0.55,0.15,29.5,3.344629853314416,29.5,3.4726997607423993,0.025,29.5,2.220188133637926,2.1839592210928016
dusseldorf,sub-AbzsOg,left,0.85,0.025,22.0,4.104681547790214,21.5,3.9888272715430784,0.075,23.0,4.526120009048515,4.6383817389735515
dusseldorf,sub-AbzsOg,right,0.65,0.025,26.0,4.031900998218507,26.0,3.789119903873601,0.1,24.0,4.670575339077718,4.751262800644889
dusseldorf,sub-BYJoWR,left,1.7,0.2,12.5,6.967646530815621,12.5,6.978873874948701,-1.0,28.5,1.2987553097726945,2.1353227037615774
dusseldorf,sub-BYJoWR,right,1.3,-0.425,15.5,3.479193013156081,15.5,3.4836649016003918,-0.35,29.0,3.7617548248468857,3.741408089871987
dusseldorf,sub-FIyfdR,left,0.85,-1.0,12.0,-0.8854073171604071,12.0,0.7716141558977663,-1.0,12.0,0.12751065497358383,0.7716141558977663
dusseldorf,sub-FIyfdR,right,0.95,-0.6,20.0,1.5204642424208714,20.0,1.509312929345481,-0.325,12.0,2.387133674825126,2.371675215258482
dusseldorf,sub-FYbcap,left,0.65,0.125,27.0,5.074694125954107,26.5,5.080412277507889,-0.125,25.5,2.945578280015866,2.9761944352698944
dusseldorf,sub-FYbcap,right,0.65,0.25,26.5,6.638628571413996,26.5,6.741855690464975,0.025,22.0,3.644089015123626,3.789119903873601
dusseldorf,sub-PuPVlx,left,0.5,-0.8,15.0,0.48366822778254104,15.0,1.46901125533915,-0.65,15.0,1.0021599566229078,1.4539405464820199
dusseldorf,sub-PuPVlx,right,0.5,0.175,33.0,0.12349206075860764,31.5,2.418506891524852,0.05,13.0,1.827860331030653,1.830238925727894
dusseldorf,sub-QZTsn6,left,0.6,0.05,27.5,3.6969173089075724,27.5,3.378647595680424,-0.1,25.0,2.3971056162440085,2.4344084636089036
dusseldorf,sub-QZTsn6,right,0.6,0.025,28.0,3.017982504689023,27.5,3.0919530665470107,-0.075,25.0,2.519209540883569,2.5317835405874156
dusseldorf,sub-VopvKx,left,0.75,-0.175,23.5,2.985588652106088,23.5,3.3605999342034654,-0.625,27.0,1.849521404620269,1.845772728806483
dusseldorf,sub-VopvKx,right,0.75,-0.325,24.0,2.7027293299514454,24.0,2.6906560197800067,-1.0,24.5,1.026241991141159,1.7075311721410014
dusseldorf,sub-dCsWjQ,left,0.5,0.175,35.0,0.08806394278526142,31.5,2.418506891524852,,,,
dusseldorf,sub-dCsWjQ,right,1.45,-0.4,14.0,3.0553853867079717,14.0,3.090131957309281,-1.0,14.5,1.2604297977139645,1.2976682757909241
dusseldorf,sub-gNX5yb,left,1.5,-1.0,13.5,-0.8428612564784288,13.5,1.2345443002771495,-1.0,13.0,-0.0014127402665842226,1.2345443002771495
dusseldorf,sub-gNX5yb,right,0.95,-0.075,19.5,3.0683940377168817,19.5,3.069117555341423,-1.0,34.5,-1.1494511568954024,0.7002642752280241
dusseldorf,sub-hnetKS,left,0.75,0.075,24.0,5.090268831804234,23.5,5.070548851815122,-0.225,24.5,3.1085241005797393,3.143284682943901
dusseldorf,sub-hnetKS,right,0.7,-0.35,25.0,2.041794940111341,25.0,2.3449245360194526,-0.225,24.0,2.968865660019233,2.949029331438635
dusseldorf,sub-i4oK0F,left,1.15,0.625,17.5,12.686704200479753,17.5,12.706142035144579,0.6,17.0,12.060466551874196,12.242615359756146
dusseldorf,sub-i4oK0F,right,1.15,0.525,17.5,11.022508238320317,17.5,10.96933113822833,0.55,17.5,11.551152328741345,11.37595079208602
dusseldorf,sub-iDpl28,left,0.95,0.425,20.0,9.10828150412712,20.0,9.131551946724063,-0.675,25.5,1.2998554362982695,1.2969757067559984
dusseldorf,sub-iDpl28,right,0.75,0.275,24.0,8.181739588953238,24.0,8.078061309175597,-0.35,24.5,2.560140210422457,2.574357687084148
dusseldorf,sub-jyC0j3,left,1.35,0.225,15.0,7.223479016384307,15.0,7.242805218182737,-0.175,14.0,4.130635810389354,4.158013539846106
dusseldorf,sub-jyC0j3,right,1.0,0.35,19.5,7.732127253952257,19.0,7.875997486023962,0.2,13.0,5.698896274454253,5.797348446464188
dusseldorf,sub-oLNpHd,left,0.55,0.25,29.5,4.667595008386662,29.5,4.544288481546395,0.125,28.5,3.1205217996449974,3.206083003580429
dusseldorf,sub-oLNpHd,right,0.55,0.7,29.0,8.645396421472906,30.0,8.636212093915422,0.125,30.5,3.2095314685226306,3.206083003580429
madrid,M01,LASTN,1.2,0.65,17.0,13.569792720635947,17.0,13.378589192485846,-0.675,23.5,2.445420197073127,2.4557679733188786
madrid,M01,MASTN,1.25,0.9,17.0,18.911338812219107,17.0,18.683059182336773,-0.75,31.0,2.2535998682366465,2.2836601066737083
madrid,M02,LASTN,1.55,0.3,13.5,7.31025121435501,13.5,7.45874956674861,0.425,27.0,9.140482462236257,9.062950018351703
madrid,M02,MASTN,0.65,0.575,27.0,10.757453054850625,26.5,10.882075385326115,0.475,28.0,9.626858532229384,9.641089639062677
madrid,M03,MASTN,1.0,0.1,19.0,4.645548706664213,19.0,4.5152793548079195,,,,
madrid,M04,MASTN,1.15,0.4,17.5,8.69938004200681,17.5,9.126718100952875,-0.4,30.5,3.259409732268823,3.2536314411856715
madrid,M05,MASTN,0.95,0.525,20.0,10.650994075461231,20.0,10.813021034321768,,,,
madrid,M06,MASTN,1.6,0.075,13.0,4.957207962800707,13.0,5.032708004513404,,,,
madrid,M07,LASTN,0.95,0.05,19.5,3.6897541264283262,19.5,3.8051761222631075,,,,
madrid,M07,MASTN,1.6,0.25,13.0,7.036390472804377,13.0,6.971187322682089,,,,
madrid,M08,LASTN,0.65,-0.25,26.0,2.2512856799746483,26.5,2.4125408017126793,,,,
madrid,M08,MASTN,0.65,-0.05,26.0,3.2807862361542117,26.0,3.2860354488788612,,,,
madrid,M09,LASTN,0.6,0.4,27.5,7.383620137241511,28.0,7.504885085332993,-0.025,27.5,2.6845796343127404,2.7210906617549746
madrid,M09,MASTN,0.6,0.125,28.0,4.1371286405672425,28.0,4.273053844620733,0.15,28.5,4.550504529780808,4.576568422145648
madrid,M10,LASTN,1.15,0.075,17.0,5.348977147817235,17.0,5.202688331167891,,,,
madrid,M10,MASTN,1.2,0.2,16.5,7.079511079337122,16.5,6.929665318812401,,,,
madrid,M11,LASTN,1.55,0.625,14.0,11.990326258643451,14.0,11.92347166167348,-1.0,32.0,1.0740329441041663,1.267010146711085
madrid,M11,MASTN,1.55,0.8,13.0,15.519075563420168,14.0,15.305941107239525,-0.4,25.0,2.9442860434043894,2.9579189041032583
madrid,M12,LASTN,0.6,0.125,28.0,4.3346646972267155,28.0,4.273053844620733,0.1,19.5,4.121190587275398,3.9711922287892865
madrid,M12,MASTN,0.65,-0.075,26.5,3.260348414782648,26.5,3.1846900903901965,0.05,24.5,4.231358125918856,4.103270935894883
madrid,M13,LASTN,0.65,0.125,27.0,4.994017942094446,26.5,5.080412277507889,,,,
madrid,M13,MASTN,1.3,0.55,16.0,11.858509271875137,16.0,11.725571615085473,0.35,26.0,8.767416565775136,8.915125852695889
madrid,M14,MASTN,0.65,0.2,26.0,6.231356600967377,26.5,6.077164619228008,,,,
madrid,M15,LASTN,0.75,0.225,24.0,7.346189912825407,24.0,7.290618713215857,,,,
madrid,M15,MASTN,1.15,0.375,17.0,8.682437939341403,17.0,8.810420765162865,0.025,25.0,4.579447538125532,4.624842225517183
madrid,M16,LASTN,1.25,0.025,16.0,4.871247065498601,16.0,4.959353602516199,-0.625,23.0,2.7467999034369495,2.745196812491133
madrid,M16,MASTN,1.1,0.25,17.5,7.020368325702515,17.5,6.974049175466641,-0.525,33.5,2.4518131495203654,2.4808554810569694
madrid,M17,LASTN,0.5,0.175,32.5,2.3817889711179063,31.5,2.418506891524852,0.225,29.0,2.8194756030816137,2.8615226232359614
madrid,M17,MASTN,1.15,0.15,17.0,5.947758513426322,17.0,6.095191400251236,0.225,29.0,7.096524369301629,7.004178815152309
madrid,M18,MASTN,0.6,0.65,27.5,10.12003941768838,28.0,10.015989503988658,,,,
madrid,M19,LASTN,0.7,0.1,24.5,5.16241894167683,25.0,5.247683584830378,-0.325,24.5,2.484128274434818,2.467942677975663
madrid,M19,MASTN,1.8,0.05,12.0,5.631376295564499,12.0,5.672298207894961,-1.0,24.5,1.9384145404218245,2.4260193249244333
madrid,M20,MASTN,1.25,0.55,16.5,11.771949903566338,16.5,11.625019971331394,0.25,26.5,7.5562312364503015,7.659837214638197
madrid,M21,MASTN,1.25,0.575,16.5,12.001071358226806,16.5,12.066560825101915,0.05,18.5,5.199518261913161,5.247216902171119
