cohort,patient,hemisphere,med,duration_s,peak_hz,peak_db,exponent,beta_excess,pair,rest_s
madrid,M01,LASTN,OFF,100.0,17.0,13.569792720635947,2.0964445919255064,0.27530798644338156,,
madrid,M01,LASTN,ON,100.0,23.5,2.445420197073127,2.237152717304458,0.01707651880441915,,
madrid,M01,MASTN,OFF,100.0,17.0,18.911338812219107,1.5158254107727953,0.6555191578568367,,
madrid,M01,MASTN,ON,100.0,31.0,2.2535998682366465,1.553576468120517,0.04626172797948734,,
madrid,M02,LASTN,OFF,200.0,13.5,7.31025121435501,1.4144036400838236,0.3114255180911078,,
madrid,M02,LASTN,ON,200.0,27.0,9.140482462236257,1.4227674101793057,0.3408005508337747,,
madrid,M02,MASTN,OFF,200.0,27.0,10.757453054850625,0.9674607704297515,0.5931785400148779,,
madrid,M02,MASTN,ON,200.0,28.0,9.626858532229384,1.2269031129684207,0.39090851969975715,,
madrid,M03,MASTN,OFF,200.0,19.0,4.645548706664213,2.1427142346997137,0.05596905775952338,,
madrid,M04,MASTN,OFF,78.0004,17.5,8.69938004200681,1.7330301576698786,0.1906594033997199,,
madrid,M04,MASTN,ON,78.0004,30.5,3.259409732268823,1.7238155520215825,0.006464112390847465,,
madrid,M05,MASTN,OFF,69.99779207065374,20.0,10.650994075461231,2.3734593224622738,0.19878591595206105,,
madrid,M06,MASTN,OFF,117.99644811366036,13.0,4.957207962800707,2.685840535481664,0.06266092600598959,,
madrid,M07,LASTN,OFF,200.0019600156801,19.5,3.6897541264283262,1.8003342872405308,0.10026761048432485,,
madrid,M07,MASTN,OFF,200.0015680125441,13.0,7.036390472804377,2.271025450382507,0.17230908500073053,,
madrid,M08,LASTN,OFF,93.99702409522895,26.0,2.2512856799746483,2.0394228122639113,0.010468475900651836,,
madrid,M08,MASTN,OFF,93.99702409522895,26.0,3.2807862361542117,2.4897803047178653,0.039060959929804434,,
madrid,M09,LASTN,OFF,79.99740808294135,27.5,7.383620137241511,2.239350513244935,0.13334734188839145,,
madrid,M09,LASTN,ON,79.99740808294135,27.5,2.6845796343127404,3.624112765029541,0.006387424030358799,,
madrid,M09,MASTN,OFF,199.9937601996736,28.0,4.1371286405672425,2.031846015697252,0.04646019076064964,,
madrid,M09,MASTN,ON,199.9938561966017,28.5,4.550504529780808,1.955640948852275,0.04659378803497614,,
madrid,M10,LASTN,OFF,65.99788806758184,17.0,5.348977147817235,2.222864124113742,0.06016754317829519,,
madrid,M10,MASTN,OFF,65.99788806758184,16.5,7.079511079337122,3.171600473085507,0.016426077965055477,,
madrid,M11,LASTN,OFF,120.99616012287606,14.0,11.990326258643451,1.6245160737855082,0.5210065194545934,,
madrid,M11,LASTN,ON,120.99616012287606,32.0,1.0740329441041663,1.4638458551467044,0.00045282275503156957,,
madrid,M11,MASTN,OFF,120.99616012287606,13.0,15.519075563420168,1.7126345045260016,0.5101040108691153,,
madrid,M11,MASTN,ON,120.99635211673227,25.0,2.9442860434043894,1.760340751579665,0.014433881327813222,,
madrid,M12,LASTN,OFF,169.9945281750984,28.0,4.3346646972267155,2.81871976433503,0.020345659613667518,,
madrid,M12,LASTN,ON,169.9945281750984,19.5,4.121190587275398,2.6562413702868475,0.04401023834032599,,
madrid,M12,MASTN,OFF,169.9945281750984,26.5,3.260348414782648,3.0621433407814544,0.014270989867128839,,
madrid,M12,MASTN,ON,169.9945281750984,24.5,4.231358125918856,2.4608134649341697,0.0455545018787343,,
madrid,M13,LASTN,OFF,119.99616012287606,27.0,4.994017942094446,1.933310406014819,0.08938062714879134,,
madrid,M13,MASTN,OFF,199.9935682058174,16.0,11.858509271875137,1.2895569498778146,0.5025906823108923,,
madrid,M13,MASTN,ON,199.9935682058174,26.0,8.767416565775136,0.927619066790923,0.31231901169186066,,
madrid,M14,MASTN,OFF,199.9937601996736,26.0,6.231356600967377,1.8900115951767882,0.05591239396958776,,
madrid,M15,LASTN,OFF,99.99683210137276,24.0,7.346189912825407,1.1893366392288642,0.23345510266705022,,
madrid,M15,MASTN,OFF,199.9935682058174,17.0,8.682437939341403,0.7188635244641968,0.5344032899050162,,
madrid,M15,MASTN,ON,199.9935682058174,25.0,4.579447538125532,0.8671972820220729,0.16692818394573708,,
madrid,M16,LASTN,OFF,59.99808006143803,16.0,4.871247065498601,2.4074378556368177,0.09044313172837708,,
madrid,M16,LASTN,ON,59.99808006143803,23.0,2.7467999034369495,2.111836276325424,0.03745628617353331,,
madrid,M16,MASTN,OFF,59.99808006143803,17.5,7.020368325702515,1.4444021195593322,0.16222023905538574,,
madrid,M16,MASTN,ON,59.99808006143803,33.5,2.4518131495203654,0.8222815599260886,0.023571185037273488,,
madrid,M17,LASTN,OFF,189.9938561966017,32.5,2.3817889711179063,1.6204127712205554,0.06485906070560518,,
madrid,M17,LASTN,ON,189.9940481904579,29.0,2.8194756030816137,1.4898569525550334,0.05534636435424475,,
madrid,M17,MASTN,OFF,189.9939521935298,17.0,5.947758513426322,1.4974488125774033,0.1693087421800353,,
madrid,M17,MASTN,ON,189.9940481904579,29.0,7.096524369301629,1.3327258078267168,0.148844303781433,,
madrid,M18,MASTN,OFF,200.00804032161287,27.5,10.12003941768838,1.491826742553964,0.33030359712931256,,
madrid,M19,LASTN,OFF,199.9935682058174,24.5,5.16241894167683,1.9113999081285769,0.18636795889365837,,
madrid,M19,LASTN,ON,199.9935682058174,24.5,2.484128274434818,2.544430593102242,0.009937651010782976,,
madrid,M19,MASTN,OFF,199.9935682058174,12.0,5.631376295564499,1.8884341047012954,0.1634263335180805,,
madrid,M19,MASTN,ON,199.9935682058174,24.5,1.9384145404218245,2.472639462744895,0.011484233064320453,,
madrid,M20,MASTN,OFF,180.0,16.5,11.771949903566338,1.6482301268965718,0.5293827479914097,,
madrid,M20,MASTN,ON,180.0004,26.5,7.5562312364503015,1.0388149370303688,0.266173188145234,,
madrid,M21,MASTN,OFF,74.99760007679754,16.5,12.001071358226806,1.5617103514687471,0.4448900856343593,,
madrid,M21,MASTN,ON,74.99788806758184,18.5,5.199518261913161,1.6381135391196446,0.11156888424139476,,
dusseldorf,sub-0cGdk9,left,OFF,298.0,29.0,0.7316889992421771,1.3497536964105221,0.002068627349664649,EEG006-EEG007,300.0
dusseldorf,sub-0cGdk9,left,ON,239.13777971830984,31.5,1.8324817001493443,1.2533425207994888,0.0008356077721833585,EEG006-EEG007,239.13777971830984
dusseldorf,sub-0cGdk9,right,OFF,298.0,18.5,1.209539018596697,1.295646845525447,0.02264808944739859,EEG002-EEG003,300.0
dusseldorf,sub-0cGdk9,right,ON,239.13777971830984,17.0,1.7114775264694693,1.2413568322637514,0.03465362500828163,EEG002-EEG003,239.13777971830984
dusseldorf,sub-2IU8mi,left,OFF,300.0,24.5,6.548815294284935,1.045631742836398,0.2507827235982864,EEG007-EEG008,300.0
dusseldorf,sub-2IU8mi,left,ON,300.0,24.0,3.5474334454820244,1.1037234820493478,0.080353439167863,EEG007-EEG008,300.0
dusseldorf,sub-2IU8mi,right,OFF,300.0,25.5,7.721396369744102,1.4079599735496395,0.24970648935316755,EEG002-EEG003,300.0
dusseldorf,sub-2IU8mi,right,ON,300.0,24.5,4.900416970073902,1.6599430812656875,0.082361076156172,EEG002-EEG003,300.0
dusseldorf,sub-2IhVOz,left,OFF,288.0,29.0,13.449183801035058,0.9968406905859645,0.6744136192584292,EEG006-EEG007,300.0
dusseldorf,sub-2IhVOz,left,ON,273.0,27.0,11.14916891680597,1.1465840691063351,0.4692589633935191,EEG006-EEG007,273.0
dusseldorf,sub-2IhVOz,right,OFF,288.0,27.5,13.791161531463434,0.8177245797515232,0.7195972815790778,EEG001-EEG002,300.0
dusseldorf,sub-2IhVOz,right,ON,273.0,28.0,11.380630670264491,0.5045242127189467,0.5065187204608133,EEG001-EEG002,273.0
dusseldorf,sub-6m9kB5,left,OFF,277.6156169014085,15.5,6.071166198666198,2.235668016855082,0.04600424571019383,EEG036-EEG037,287.2495
dusseldorf,sub-6m9kB5,left,ON,321.84283352112675,14.5,1.374038850849626,2.220491579919323,0.004358432345906578,EEG036-EEG037,336.75
dusseldorf,sub-6m9kB5,right,OFF,277.6156169014085,16.0,6.896105816330866,2.233956154875489,0.05690036781162233,EEG003-EEG004,287.2495
dusseldorf,sub-6m9kB5,right,ON,321.84283352112675,35.0,-1.3593300754850723,2.564633620961709,0.0,EEG003-EEG004,336.75
dusseldorf,sub-8RgPiG,left,OFF,351.0,28.0,8.136545152212502,0.8165226787563814,0.45335936693548756,EEG039-EEG034,351.0
dusseldorf,sub-8RgPiG,left,ON,351.0,26.5,9.334611803665709,1.013100425092438,0.441381539450911,EEG039-EEG034,351.0
dusseldorf,sub-8RgPiG,right,OFF,351.0,20.5,7.794633606697534,1.4765844970429354,0.2542662803406983,EEG006-EEG001,351.0
dusseldorf,sub-8RgPiG,right,ON,351.0,20.5,7.324292636543106,1.8435224279986224,0.13127623620651804,EEG006-EEG001,351.0
dusseldorf,sub-AB2PeX,left,OFF,286.0,27.0,7.977619514729799,1.193058599240762,0.23982010013634195,EEG006-EEG007,286.0
dusseldorf,sub-AB2PeX,left,ON,280.0,27.0,5.480758029873023,1.2867110565677087,0.14973878105042712,EEG006-EEG007,300.0
dusseldorf,sub-AB2PeX,right,OFF,286.0,29.5,3.344629853314416,1.3771202371746136,0.04891456534357987,EEG003-EEG004,286.0
dusseldorf,sub-AB2PeX,right,ON,280.0,29.5,2.220188133637926,1.3646189645554485,0.0242374693328831,EEG003-EEG004,300.0
dusseldorf,sub-AbzsOg,left,OFF,300.0,22.0,4.104681547790214,2.0215820819347727,0.11321585682926474,EEG006-EEG007,300.0
dusseldorf,sub-AbzsOg,left,ON,300.0,23.0,4.526120009048515,1.992660901732854,0.1031137694276441,EEG006-EEG007,300.0
dusseldorf,sub-AbzsOg,right,OFF,300.0,26.0,4.031900998218507,1.6894059659947123,0.15940149049439453,EEG003-EEG004,300.0
dusseldorf,sub-AbzsOg,right,ON,300.0,24.0,4.670575339077718,1.6595560994832266,0.16216032830668678,EEG003-EEG004,300.0
dusseldorf,sub-BYJoWR,left,OFF,267.5,12.5,6.967646530815621,0.8768486250415665,0.16202626627654887,EEG007-EEG008,298.0
dusseldorf,sub-BYJoWR,left,ON,286.0,28.5,1.2987553097726945,0.8092791139246645,0.013511506803104749,EEG007-EEG008,300.0
dusseldorf,sub-BYJoWR,right,OFF,267.5,15.5,3.479193013156081,0.795677669280778,0.0776933475596431,EEG002-EEG003,298.0
dusseldorf,sub-BYJoWR,right,ON,286.0,29.0,3.7617548248468857,0.5515678944664333,0.0708077826389864,EEG002-EEG003,300.0
dusseldorf,sub-FIyfdR,left,OFF,300.0,12.0,-0.8854073171604071,2.6331966783413665,0.0,EEG005-EEG006,300.0
dusseldorf,sub-FIyfdR,left,ON,299.0,12.0,0.12751065497358383,2.4618091076797506,0.0,EEG005-EEG006,300.0
dusseldorf,sub-FIyfdR,right,OFF,300.0,20.0,1.5204642424208714,2.022922169099778,0.017631126187445872,EEG002-EEG003,300.0
dusseldorf,sub-FIyfdR,right,ON,299.0,12.0,2.387133674825126,1.95659643360163,0.03270718924449053,EEG002-EEG003,300.0
dusseldorf,sub-FYbcap,left,OFF,300.0,27.0,5.074694125954107,0.9212520505995556,0.14272585930837153,EEG005-EEG006,300.0
dusseldorf,sub-FYbcap,left,ON,294.42248873239436,25.5,2.945578280015866,1.123008505843783,0.08820027040252497,EEG005-EEG006,300.0
dusseldorf,sub-FYbcap,right,OFF,300.0,26.5,6.638628571413996,1.2451598613900732,0.20338675499440878,EEG003-EEG004,300.0
dusseldorf,sub-FYbcap,right,ON,294.42248873239436,22.0,3.644089015123626,1.5816847724197864,0.08904409287285162,EEG003-EEG004,300.0
dusseldorf,sub-PuPVlx,left,OFF,317.3020369014084,15.0,0.48366822778254104,1.523702056070278,0.0024131117491341734,EEG005-EEG006,317.3020369014084
dusseldorf,sub-PuPVlx,left,ON,296.0,15.0,1.0021599566229078,1.5192985594324986,0.006979211785740901,EEG005-EEG006,300.0
dusseldorf,sub-PuPVlx,right,OFF,317.3020369014084,33.0,0.12349206075860764,1.4949086814940191,0.0,EEG001-EEG002,317.3020369014084
dusseldorf,sub-PuPVlx,right,ON,296.0,13.0,1.827860331030653,1.8388039531634806,0.004501622675310705,EEG001-EEG002,300.0
dusseldorf,sub-QZTsn6,left,OFF,295.1999599999999,27.5,3.6969173089075724,0.9097864618856392,0.14118233762073873,EEG007-EEG008,300.0
dusseldorf,sub-QZTsn6,left,ON,281.0,25.0,2.3971056162440085,1.293472607285099,0.03324883360161804,EEG007-EEG008,281.0
dusseldorf,sub-QZTsn6,right,OFF,295.1999599999999,28.0,3.017982504689023,0.5664806914308738,0.09423357606726848,EEG001-EEG002,300.0
dusseldorf,sub-QZTsn6,right,ON,281.0,25.0,2.519209540883569,0.5935735946753795,0.07701753467840829,EEG001-EEG002,281.0
dusseldorf,sub-VopvKx,left,OFF,300.0,23.5,2.985588652106088,1.7284212061520716,0.043928670944687956,EEG006-EEG007,300.0
dusseldorf,sub-VopvKx,left,ON,279.0,27.0,1.849521404620269,1.462887832272276,0.019004041123275403,EEG006-EEG007,300.0
dusseldorf,sub-VopvKx,right,OFF,300.0,24.0,2.7027293299514454,1.247107636354453,0.07049428324459663,EEG002-EEG003,300.0
dusseldorf,sub-VopvKx,right,ON,279.0,24.5,1.026241991141159,1.3254828724108392,0.00788816875299281,EEG002-EEG003,300.0
dusseldorf,sub-dCsWjQ,left,OFF,288.0,35.0,0.08806394278526142,1.9941674327963397,0.0,EEG005-EEG006,294.0
dusseldorf,sub-dCsWjQ,right,OFF,288.0,14.0,3.0553853867079717,1.6669516097206878,0.10849958381403697,EEG001-EEG002,294.0
dusseldorf,sub-dCsWjQ,right,ON,300.0,14.5,1.2604297977139645,1.563259910327888,0.020567195364397866,EEG001-EEG002,300.0
dusseldorf,sub-gNX5yb,left,OFF,297.76899549295774,13.5,-0.8428612564784288,2.8221415397813616,0.0,EEG007-EEG008,300.0
dusseldorf,sub-gNX5yb,left,ON,300.0,13.0,-0.0014127402665842226,2.8393623367548018,0.0,EEG007-EEG008,300.0
dusseldorf,sub-gNX5yb,right,OFF,297.76899549295774,19.5,3.0683940377168817,2.1162355158141697,0.07035142320319537,EEG002-EEG003,300.0
dusseldorf,sub-gNX5yb,right,ON,300.0,34.5,-1.1494511568954024,2.1892778553073216,0.0,EEG002-EEG003,300.0
dusseldorf,sub-hnetKS,left,OFF,290.0,24.0,5.090268831804234,1.3045833761530576,0.16575274172724366,EEG007-EEG008,300.0
dusseldorf,sub-hnetKS,left,ON,290.0,24.5,3.1085241005797393,1.2190670708194686,0.07002168849046239,EEG007-EEG008,300.0
dusseldorf,sub-hnetKS,right,OFF,290.0,25.0,2.041794940111341,1.11613822913779,0.057059177364193824,EEG002-EEG003,300.0
dusseldorf,sub-hnetKS,right,ON,290.0,24.0,2.968865660019233,1.1223879003328752,0.0643077054136035,EEG002-EEG003,300.0
dusseldorf,sub-i4oK0F,left,OFF,296.0,17.5,12.686704200479753,1.6349573852836943,0.5511012657510668,EEG007-EEG008,300.0
dusseldorf,sub-i4oK0F,left,ON,288.60835577464786,17.0,12.060466551874196,1.5243908859678998,0.5050670883324361,EEG007-EEG008,300.0
dusseldorf,sub-i4oK0F,right,OFF,296.0,17.5,11.022508238320317,1.7053131039963696,0.4821750752510488,EEG002-EEG003,300.0
dusseldorf,sub-i4oK0F,right,ON,288.60835577464786,17.5,11.551152328741345,1.723568928589935,0.443635745694309,EEG002-EEG003,300.0
dusseldorf,sub-iDpl28,left,OFF,300.0,20.0,9.10828150412712,1.2352202804738115,0.48553216557764467,EEG007-EEG008,300.0
dusseldorf,sub-iDpl28,left,ON,285.25,25.5,1.2998554362982695,1.610895320894941,0.020495576456561252,EEG007-EEG008,291.25
dusseldorf,sub-iDpl28,right,OFF,300.0,24.0,8.181739588953238,1.7842556005031278,0.2865769214719209,EEG003-EEG004,300.0
dusseldorf,sub-iDpl28,right,ON,285.25,24.5,2.560140210422457,2.0756580956734063,0.017048765015895896,EEG003-EEG004,291.25
dusseldorf,sub-jyC0j3,left,OFF,300.0,15.0,7.223479016384307,1.8808382881330958,0.2529958755802397,EEG005-EEG006,300.0
dusseldorf,sub-jyC0j3,left,ON,300.0,14.0,4.130635810389354,1.8801280274406316,0.11515828137974117,EEG005-EEG006,300.0
dusseldorf,sub-jyC0j3,right,OFF,300.0,19.5,7.732127253952257,1.7882917482688927,0.3712659987840395,EEG002-EEG003,300.0
dusseldorf,sub-jyC0j3,right,ON,300.0,13.0,5.698896274454253,1.8386411008701022,0.17930279572214755,EEG002-EEG003,300.0
dusseldorf,sub-oLNpHd,left,OFF,300.0,29.5,4.667595008386662,2.1796996580073373,0.027703758043629196,EEG005-EEG006,300.0
dusseldorf,sub-oLNpHd,left,ON,294.0,28.5,3.1205217996449974,2.0988492158236194,0.010692661599737908,EEG005-EEG006,300.0
dusseldorf,sub-oLNpHd,right,OFF,300.0,29.0,8.645396421472906,1.585144767615019,0.12874471330218165,EEG002-EEG003,300.0
dusseldorf,sub-oLNpHd,right,ON,294.0,30.5,3.2095314685226306,1.5187771031097546,0.01009244655898843,EEG002-EEG003,300.0
