cohort,rec_hz,sim_hz,rec_db,sim_db,rec_db_on,sim_db_on,s_off,s_on
dusseldorf,29.0,14.5,0.7316889992421771,3.977166337165361,1.8324817001493443,3.4116048985070613,0.025,-1.0
dusseldorf,18.5,18.0,1.209539018596697,2.4715966813249235,1.7114775264694693,2.9775895482321246,-0.85,-0.65
dusseldorf,24.5,26.0,6.548815294284935,6.395396096764374,3.5474334454820244,3.883378763596701,0.2,-0.1
dusseldorf,25.5,26.5,7.721396369744102,8.170261037879074,4.900416970073902,6.38282217644381,0.275,0.075
dusseldorf,29.0,30.0,13.449183801035058,14.036803984975643,11.14916891680597,13.26863785240912,1.1,0.975
dusseldorf,27.5,28.0,13.791161531463434,12.262577940802355,11.380630670264493,10.790390287262117,0.975,0.8
dusseldorf,15.5,16.0,6.071166198666198,6.997351869232693,1.374038850849626,1.7151248728506463,0.125,-1.0
dusseldorf,16.0,16.0,6.896105816330866,7.122705464543753,-1.3593300754850723,2.418198809518737,0.2,-1.0
dusseldorf,28.0,29.5,8.136545152212502,8.323202556057128,9.334611803665709,9.460265370479224,0.45,0.575
dusseldorf,20.5,20.5,7.794633606697534,8.409072602184127,7.324292636543106,6.853484018380822,0.325,0.3
dusseldorf,27.0,28.5,7.977619514729799,7.138703038982683,5.480758029873023,4.511445123931805,0.35,0.15
dusseldorf,29.5,30.0,3.344629853314416,4.212233618324124,2.220188133637926,3.0148374198150574,0.15,0.025
dusseldorf,22.0,21.5,4.104681547790214,3.3655301860936326,4.526120009048515,3.914781409563188,0.025,0.075
dusseldorf,26.0,22.0,4.031900998218507,3.283190951558943,4.670575339077718,4.406334920899946,0.025,0.1
dusseldorf,12.5,12.5,6.967646530815621,6.482089184002557,1.2987553097726945,1.959909531445323,0.2,-1.0
dusseldorf,15.5,16.0,3.479193013156081,3.934852822804436,3.7617548248468857,3.894503196480219,-0.425,-0.35
dusseldorf,12.0,29.5,-0.8854073171604071,0.9305333659302572,0.1275106549735838,1.229311935495243,-1.0,-1.0
dusseldorf,20.0,19.0,1.5204642424208714,3.3815016442902035,2.387133674825126,4.244598721484438,-0.6,-0.325
dusseldorf,27.0,26.5,5.074694125954107,5.222808115673523,2.945578280015866,2.893875065382314,0.125,-0.125
dusseldorf,26.5,26.5,6.638628571413996,6.211557859641186,3.644089015123626,3.511402708503528,0.25,0.025
dusseldorf,15.0,14.0,0.483668227782541,1.9978215246418076,1.0021599566229078,1.6123778712358572,-0.8,-0.65
dusseldorf,33.0,16.0,0.1234920607586076,4.626719936837072,1.827860331030653,3.114297693638166,0.175,0.05
dusseldorf,27.5,15.5,3.696917308907573,3.7289450125247834,2.3971056162440085,3.5609800805475444,0.05,-0.1
dusseldorf,28.0,29.5,3.017982504689023,3.5565192408778667,2.519209540883569,3.34199827977252,0.025,-0.075
dusseldorf,23.5,26.0,2.985588652106088,4.662615974800932,1.849521404620269,3.680720183104063,-0.175,-0.625
dusseldorf,24.0,23.0,2.702729329951445,4.009626250329932,1.026241991141159,3.447828263467656,-0.325,-1.0
dusseldorf,35.0,33.0,0.0880639427852614,3.5893076883020303,,,0.175,
dusseldorf,14.0,15.0,3.055385386707972,5.989114944189833,1.2604297977139645,3.319635066088153,-0.4,-1.0
dusseldorf,13.5,14.5,-0.8428612564784288,1.5522735575847868,-0.0014127402665842,2.143604448780829,-1.0,-1.0
dusseldorf,19.5,19.5,3.0683940377168817,2.8553982898424657,-1.1494511568954024,1.5548467794731913,-0.075,-1.0
dusseldorf,24.0,23.5,5.090268831804234,6.148413972801761,3.1085241005797397,2.8331484680794894,0.075,-0.225
dusseldorf,25.0,26.0,2.041794940111341,3.5369265539348227,2.968865660019233,3.827968505363648,-0.35,-0.225
dusseldorf,17.5,17.5,12.686704200479753,14.300436886485478,12.060466551874196,14.227935510468974,0.625,0.6
dusseldorf,17.5,17.0,11.022508238320317,10.480482561908625,11.551152328741344,10.962908450581605,0.525,0.55
dusseldorf,20.0,20.0,9.10828150412712,8.915018963875339,1.2998554362982695,1.8160198328337351,0.425,-0.675
dusseldorf,24.0,24.0,8.181739588953238,8.613653223336684,2.560140210422457,3.555080401436124,0.275,-0.35
dusseldorf,15.0,14.5,7.223479016384307,7.549420713192321,4.130635810389354,4.352902445771134,0.225,-0.175
dusseldorf,19.5,19.0,7.732127253952257,8.386947937975089,5.698896274454253,6.383926935056854,0.35,0.2
dusseldorf,29.5,28.5,4.667595008386662,4.521622490416277,3.120521799644997,4.026380171475568,0.25,0.125
dusseldorf,29.0,29.0,8.645396421472906,8.49430729414955,3.2095314685226306,3.5360392524822792,0.7,0.125
madrid,17.0,17.0,13.569792720635949,14.447762881585524,2.445420197073127,3.3741363838047977,0.65,-0.675
madrid,17.0,16.5,18.911338812219107,16.708009341321333,2.2535998682366465,1.4121663447590738,0.9,-0.75
madrid,13.5,13.5,7.31025121435501,8.22510257624499,9.140482462236257,9.198621852789458,0.3,0.425
madrid,27.0,27.0,10.757453054850624,10.958004722385208,9.626858532229384,9.786329305558628,0.575,0.475
madrid,19.0,19.0,4.645548706664213,4.651290985563685,,,0.1,
madrid,17.5,17.5,8.69938004200681,11.973010600113852,3.259409732268823,6.405992334258306,0.4,-0.4
madrid,20.0,20.5,10.650994075461233,12.347273162389328,,,0.525,
madrid,13.0,13.5,4.957207962800707,5.950471963189896,,,0.075,
madrid,19.5,19.0,3.6897541264283262,4.483604386353157,,,0.05,
madrid,13.0,13.5,7.036390472804377,6.167936030488317,,,0.25,
madrid,26.0,26.5,2.2512856799746483,3.28163170167116,,,-0.25,
madrid,26.0,27.0,3.280786236154212,4.161991753716157,,,-0.05,
madrid,27.5,27.0,7.383620137241511,6.74252156622372,2.6845796343127404,2.9818945737685087,0.4,-0.025
madrid,28.0,28.0,4.1371286405672425,3.89663133403606,4.550504529780808,3.847242814314047,0.125,0.15
madrid,17.0,17.0,5.348977147817235,6.017003045882783,,,0.075,
madrid,16.5,16.5,7.079511079337122,7.061723907528004,,,0.2,
madrid,14.0,14.0,11.990326258643451,11.368229907322256,1.0740329441041665,1.3746038725753085,0.625,-1.0
madrid,13.0,14.0,15.519075563420168,13.547931641229797,2.9442860434043894,3.448623326639453,0.8,-0.4
madrid,28.0,30.5,4.334664697226716,3.92307001732962,4.121190587275398,3.981612067948843,0.125,0.1
madrid,26.5,26.5,3.260348414782648,2.95241991173338,4.231358125918856,3.1733136124644634,-0.075,0.05
madrid,27.0,27.5,4.994017942094446,5.605150396714436,,,0.125,
madrid,16.0,15.5,11.858509271875135,13.090586699363367,8.767416565775136,10.349251470696856,0.55,0.35
madrid,26.0,25.0,6.231356600967377,7.372510524583156,,,0.2,
madrid,24.0,23.5,7.346189912825407,7.932634940965144,,,0.225,
madrid,17.0,17.0,8.682437939341403,8.841814295018203,4.579447538125532,3.60648579684768,0.375,0.025
madrid,16.0,16.0,4.871247065498601,5.525257498669882,2.746799903436949,3.4971183286558194,0.025,-0.625
madrid,17.5,18.0,7.020368325702515,6.813515789728646,2.451813149520365,2.1551703603367045,0.25,-0.525
madrid,32.5,16.5,2.3817889711179063,4.294200686425578,2.8194756030816137,3.548748548926133,0.175,0.225
madrid,17.0,17.0,5.947758513426322,6.43564908687476,7.096524369301629,7.481593448741668,0.15,0.225
madrid,27.5,27.5,10.12003941768838,9.471248550586786,,,0.65,
madrid,24.5,26.0,5.16241894167683,7.517234295301769,2.484128274434818,4.713583970832156,0.1,-0.325
madrid,12.0,12.0,5.631376295564499,4.9444119689900745,1.9384145404218245,2.3889879307592654,0.05,-1.0
madrid,16.5,16.5,11.771949903566338,12.136851662890006,7.556231236450301,8.958137464374607,0.55,0.25
madrid,16.5,16.5,12.001071358226806,11.284264191675993,5.199518261913161,4.759909666873954,0.575,0.05
